,Name,Year,Position,Height,Weight,Pick,Vertical,Cluster,Topic,Frequent
0,Karl Towns,2015,4.5,84.0,248,1,36.5,2,2,"{u'interesting': 3, u'impressive': 6, u'physical': 3}"
1,D'Angelo Russell,2015,1.5,77.0,193,2,,2,2,"{u'heavy': 1, u'new': 2, u'elite': 2}"
2,Jahlil Okafor,2015,5.0,83.0,272,3,,2,2,"{u'major': 3, u'good': 4, u'old': 4}"
3,Kristaps Porzingis,2015,4.0,84.0,230,4,,2,2,"{u'exclusive': 1, u'unique': 1, u'impressive': 2}"
4,Mario Hezonja,2015,2.5,80.0,200,5,,2,2,"{u'poor': 3, u'spanish': 3, u'nice': 4}"
5,Willie Cauley-Stein,2015,5.0,85.0,242,6,,2,2,"{u'big': 3, u'major': 1, u'best': 2}"
6,Emmanuel Mudiay,2015,1.0,77.0,200,7,,1,1,"{u'great': 5, u'good': 6, u'physical': 4}"
7,Stanley Johnson,2015,3.0,79.0,242,8,,2,2,"{u'athletic': 2, u'good': 3, u'strong': 7}"
8,Frank Kaminsky,2015,4.0,85.0,231,9,,2,2,"{u'detailed': 2, u'past': 2, u'big': 2}"
9,Justise Winslow,2015,3.0,79.0,222,10,,2,2,"{u'good': 3, u'strong': 4, u'best': 3}"
10,Myles Turner,2015,5.0,84.0,239,11,,0,2,"{u'good': 5, u'potential': 6, u'great': 5}"
11,Trey Lyles,2015,4.0,82.0,241,12,,0,0,"{u'big': 7, u'good': 4, u'skilled': 4}"
12,Devin Booker,2015,2.0,78.0,206,13,34.5,2,2,"{u'great': 1, u'vertical': 1, u'outstanding': 1}"
13,Cameron Payne,2015,1.0,74.0,183,14,35.5,2,2,"{u'major': 1, u'productive': 1, u'private': 2}"
14,Kelly Oubre,2015,3.0,79.0,203,15,37.0,2,2,"{u'exclusive': 1, u'american': 3, u'great': 1}"
15,Terry Rozier,2015,1.0,74.0,190,16,38.0,2,1,"{u'athletic': 1, u'strong': 2, u'extra': 1}"
16,Rashad Vaughn,2015,2.0,77.0,199,17,34.0,2,0,"{u'polished': 1, u'impressive': 1, u'nice': 2}"
17,Sam Dekker,2015,3.0,81.0,219,18,34.5,2,0,"{u'huge': 1, u'head': 1, u'good': 4}"
18,Jerian Grant,2015,1.0,77.0,198,19,,2,0,"{u'academic': 1, u'senior': 1, u'ineligible': 1}"
19,Delon Wright,2015,1.0,78.0,181,20,31.0,2,1,"{u'tremendous': 1, u'little': 1, u'second': 1}"
20,Justin Anderson,2015,3.0,78.0,231,21,43.0,2,0,"{u'long': 4, u'defensive': 5, u'physical': 6}"
21,Bobby Portis,2015,4.0,83.0,246,22,31.5,2,0,"{u'great': 1, u'afraid': 1, u'mid': 2}"
22,Rondae Hollis-Jefferson,2015,3.0,79.0,211,23,38.0,2,1,"{u'skilled': 2, u'consistent': 2, u'good': 6}"
23,Tyus Jones,2015,1.0,74.0,185,24,32.5,2,2,"{u'little': 1, u'skilled': 1, u'outstanding': 1}"
24,Jarell Martin,2015,3.5,81.0,239,25,34.5,2,2,"{u'good': 1, u'deserved': 1, u'separate': 1}"
25,Nikola Milutinov,2015,5.0,84.0,220,26,,2,2,"{u'storied': 1, u'young': 2, u'serbian': 2}"
26,Larry Nance,2015,4.0,81.0,227,27,37.5,2,2,"{u'detailed': 1, u'great': 1, u'good': 1}"
27,R.J. Hunter,2015,2.0,78.0,185,28,33.5,2,1,"{u'hefty': 1, u'great': 1, u'outstanding': 1}"
28,Chris McCullough,2015,4.0,81.0,199,29,,0,0,"{u'offensive': 1, u'skilled': 1, u'old': 1}"
29,Kevon Looney,2015,4.0,81.0,222,30,,2,2,"{u'real': 1, u'little': 2, u'offensive': 2}"
30,Cedi Osman,2015,3.0,80.0,190,31,,2,1,"{u'great': 1, u'old': 1, u'turkish': 3}"
31,Montrezl Harrell,2015,4.0,80.0,253,32,,0,0,"{u'big': 7, u'good': 6, u'strong': 5}"
32,Jordan Mickey,2015,4.5,80.0,238,33,37.5,0,0,"{u'early': 3, u'big': 3, u'best': 3}"
33,Anthony Brown,2015,3.0,79.0,211,34,34.5,2,0,"{u'congenital': 1, u'eventful': 1, u'major': 1}"
34,Guillermo Hernangomez,2015,5.0,83.0,255,35,25.5,2,2,"{u'big': 3, u'young': 3, u'spanish': 3}"
35,Rakeem Christmas,2015,4.5,82.0,243,36,,0,2,"{u'terrific': 4, u'big': 5, u'good': 4}"
36,Richaun Holmes,2015,4.0,82.0,243,37,36.0,2,2,"{u'terrific': 2, u'great': 2, u'strong': 2}"
37,Juan Vaulet,2015,3.0,78.0,200,39,,2,2,"{u'international': 4, u'old': 2, u'eligible': 2}"
38,Josh Richardson,2015,2.0,78.0,200,40,,2,2,"{u'unable': 1, u'defensive': 1}"
39,Pat Connaughton,2015,2.0,77.0,215,41,44.0,2,0,"{u'great': 3, u'good': 5, u'vertical': 3}"
40,Olivier Hanlan,2015,1.5,76.0,186,42,34.0,2,0,"{u'solid': 3, u'different': 2, u'capable': 2}"
41,Joseph Young,2015,1.5,74.0,182,43,40.5,2,1,"{u'upcoming': 1, u'best': 2}"
42,Andrew Harrison,2015,1.0,78.0,213,44,33.0,1,1,"{u'poor': 3, u'young': 3, u'talented': 3}"
43,Marcus Thornton,2015,1.0,75.0,177,45,43.0,2,1,"{u'second': 5, u'good': 6, u'offensive': 6}"
44,Norman Powell,2015,2.0,76.0,215,46,40.5,2,1,"{u'straight': 3, u'second': 2, u'half': 4}"
45,Arturas Gudaitis,2015,5.0,82.0,253,47,,2,2,"{u'storied': 1, u'upcoming': 1, u'eligible': 2}"
46,Dakari Johnson,2015,5.0,84.0,265,48,25.0,2,2,"{u'solid': 2, u'great': 2, u'similar': 2}"
47,Aaron White,2015,4.0,81.0,220,49,35.0,2,0,"{u'efficient': 2, u'late': 1, u'senior': 2}"
48,Tyler Harvey,2015,2.0,76.0,181,51,28.5,2,1,"{u'multiple': 1, u'major': 2, u'true': 2}"
49,Satnam Singh,2015,5.0,86.0,290,52,,2,2,"{u'tremendous': 2, u'second': 1, u'old': 1}"
50,Daniel Diez,2015,3.0,80.0,216,54,29.0,2,2,"{u'solid': 4, u'eligible': 2, u'spanish': 4}"
51,Cady Lalanne,2015,4.5,82.0,241,55,,2,0,"{u'terrific': 2, u'great': 1, u'productive': 1}"
52,Branden Dawson,2015,4.0,79.0,230,56,34.5,2,1,"{u'strong': 2, u'tough': 1, u'final': 2}"
53,Nikola Radicevic,2015,1.0,77.0,200,57,,1,1,"{u'interesting': 2, u'good': 3, u'old': 2}"
54,J.P. Tokoto,2015,2.0,78.0,196,58,40.0,2,2,"{u'athletic': 2, u'productive': 2, u'able': 2}"
55,Andrew Wiggins,2014,3.0,80.0,197,1,,2,0,"{u'terrific': 3, u'long': 3, u'physical': 4}"
56,Jabari Parker,2014,3.5,80.0,241,2,,2,0,"{u'detailed': 2, u'american': 3, u'productive': 2}"
57,Joel Embiid,2014,5.0,84.0,240,3,,2,0,"{u'big': 2, u'overall': 3, u'impressive': 3}"
58,Aaron Gordon,2014,4.0,81.0,220,4,39.0,0,0,"{u'big': 4, u'good': 4, u'able': 4}"
59,Dante Exum,2014,1.5,78.0,196,5,34.5,1,1,"{u'tremendous': 2, u'smooth': 3, u'impressive': 3}"
60,Marcus Smart,2014,1.0,75.0,227,6,36.0,2,0,"{u'overall': 4, u'offensive': 4, u'long': 3}"
61,Julius Randle,2014,4.0,81.0,250,7,35.5,2,0,"{u'little': 3, u'right': 2, u'best': 2}"
62,Nik Stauskas,2014,2.0,78.0,207,8,35.5,2,0,"{u'solid': 4, u'athletic': 2, u'good': 5}"
63,Noah Vonleh,2014,4.0,81.0,247,9,37.0,0,0,"{u'likely': 5, u'old': 3, u'physical': 4}"
64,Elfrid Payton,2014,1.0,76.0,185,10,35.5,1,0,"{u'half': 2, u'long': 3, u'excellent': 3}"
65,Doug McDermott,2014,3.5,80.0,218,11,36.5,2,0,"{u'forward': 2, u'best': 2, u'long': 3}"
66,Dario Saric,2014,4.0,82.0,223,12,,2,1,"{u'small': 4, u'able': 5, u'young': 7}"
67,Zach LaVine,2014,2.0,78.0,181,13,41.5,2,0,"{u'detailed': 1, u'athletic': 1, u'past': 1}"
68,T.J. Warren,2014,3.5,80.0,220,14,35.5,2,0,"{u'unique': 3, u'good': 4, u'excellent': 6}"
69,Adreian Payne,2014,4.0,82.0,239,15,,2,0,"{u'little': 4, u'offensive': 4, u'long': 3}"
70,Jusuf Nurkic,2014,5.0,83.0,280,16,23.0,2,0,"{u'average': 4, u'old': 2, u'impressive': 3}"
71,James Young,2014,2.5,79.0,213,17,35.5,2,0,"{u'great': 3, u'good': 4, u'impressive': 3}"
72,Tyler Ennis,2014,1.0,74.0,182,18,36.0,1,0,"{u'able': 2, u'low': 3, u'half': 3}"
73,Gary Harris,2014,2.0,76.0,205,19,,2,0,"{u'average': 3, u'short': 2, u'half': 2}"
74,Mitch McGary,2014,5.0,82.0,263,21,,0,0,"{u'big': 4, u'average': 4, u'able': 4}"
75,Jordan Adams,2014,2.0,77.0,209,22,29.5,2,0,"{u'traditional': 2, u'interesting': 2, u'unique': 3}"
76,Rodney Hood,2014,3.0,80.0,208,23,36.0,2,0,"{u'good': 3, u'long': 3, u'nice': 2}"
77,Shabazz Napier,2014,1.0,73.0,175,24,37.5,1,0,"{u'memorable': 2, u'major': 1, u'half': 3}"
78,Clint Capela,2014,4.5,83.0,222,25,,2,0,"{u'huge': 5, u'incredible': 4, u'physical': 6}"
79,P.J. Hairston,2014,2.0,77.0,229,26,37.0,2,0,"{u'average': 4, u'good': 3, u'able': 3}"
80,Bogdan Bogdanovic,2014,2.0,78.0,200,27,35.8,2,2,"{u'solid': 2, u'aggressive': 2, u'serbian': 2}"
81,C.J. Wilcox,2014,2.0,77.0,201,28,37.5,2,1,"{u'solid': 2, u'good': 1, u'impressive': 1}"
82,Josh Huestis,2014,3.0,79.0,213,29,38.5,2,0,"{u'intriguing': 1, u'multiple': 1, u'key': 1}"
83,Kyle Anderson,2014,3.0,80.0,230,30,,2,0,"{u'average': 5, u'good': 4, u'unique': 4}"
84,Damien Inglis,2014,3.0,80.0,240,31,,2,0,"{u'real': 1, u'huge': 1, u'good': 2}"
85,K.J. McDaniels,2014,3.0,78.0,196,32,37.0,2,0,"{u'overall': 2, u'average': 2, u'similar': 3}"
86,Joe Harris,2014,3.0,78.0,215,33,33.5,2,1,"{u'great': 1, u'short': 1, u'individual': 1}"
87,Cleanthony Early,2014,3.5,79.0,209,34,40.0,2,0,"{u'huge': 1, u'little': 1, u'effective': 1}"
88,Jarnell Stokes,2014,4.0,80.0,263,35,36.0,0,0,"{u'big': 7, u'average': 4, u'major': 3}"
89,DeAndre Daniels,2014,3.0,80.0,196,37,32.0,2,1,"{u'hot': 1, u'impressive': 1, u'best': 1}"
90,Jerami Grant,2014,3.0,80.0,214,39,,2,0,"{u'low': 2, u'significant': 2, u'physical': 3}"
91,Glenn Robinson,2014,3.0,79.0,211,40,41.5,2,0,"{u'short': 1, u'offensive': 1, u'long': 1}"
92,Nikola Jokic,2014,5.0,83.0,253,41,,2,2,"{u'little': 1, u'strong': 3, u'explosive': 1}"
93,Nick Johnson,2014,2.0,75.0,198,42,41.5,2,0,"{u'nice': 2, u'offensive': 2, u'excellent': 3}"
94,Walter Tavares,2014,5.0,87.0,265,43,,2,0,"{u'big': 2, u'glamorous': 1, u'low': 2}"
95,Markel Brown,2014,2.0,75.0,184,44,43.5,2,2,"{u'big': 1, u'second': 1, u'collegiate': 1}"
96,Dwight Powell,2014,4.0,83.0,234,45,35.0,0,0,"{u'solid': 3, u'good': 2, u'potential': 2}"
97,Jordan Clarkson,2014,1.5,77.0,186,46,38.5,2,0,"{u'traditional': 1, u'average': 2, u'productive': 1}"
98,Russ Smith,2014,1.0,73.0,160,47,37.0,1,1,"{u'national': 2, u'open': 2, u'best': 6}"
99,Lamar Patterson,2014,2.0,77.0,226,48,32.5,2,0,"{u'great': 3, u'offensive': 4, u'defensive': 3}"
100,Cameron Bairstow,2014,4.5,82.0,252,49,33.5,2,0,"{u'diverse': 2, u'offensive': 2, u'incredible': 2}"
101,Alec Brown,2014,5.0,85.0,231,50,30.0,2,0,"{u'successful': 1, u'senior': 1, u'regular': 1}"
102,Thanasis Antetokounmpo,2014,3.0,78.0,205,51,39.5,2,2,"{u'best': 1, u'defensive': 1}"
103,Vasilije Micic,2014,1.0,78.0,202,52,,1,1,"{u'average': 3, u'competitive': 3, u'excellent': 3}"
104,Alessandro Gentile,2014,2.5,78.0,200,53,,2,0,"{u'consistent': 3, u'offensive': 3, u'european': 4}"
105,Nemanja Dangubic,2014,2.0,80.0,193,54,34.0,2,1,"{u'serbian': 2, u'defensive': 2, u'nice': 3}"
106,Semaj Christon,2014,1.0,75.0,186,55,36.5,1,1,"{u'good': 2, u'able': 2, u'excellent': 2}"
107,Devyn Marble,2014,2.0,78.0,192,56,35.0,2,1,"{u'drastic': 1, u'rough': 1, u'strong': 1}"
108,Jordan McRae,2014,2.0,77.0,179,58,34.5,2,0,"{u'limited': 1, u'good': 2, u'offensive': 2}"
109,Xavier Thames,2014,2.0,75.0,187,59,32.5,2,0,"{u'flat': 1, u'contested': 1, u'surprising': 1}"
110,Anthony Bennett,2013,4.0,79.0,239,1,,2,1,"{u'productive': 3, u'impressive': 4, u'long': 3}"
111,Victor Oladipo,2013,2.0,76.0,213,2,42.0,2,0,"{u'able': 3, u'offensive': 4, u'outstanding': 3}"
112,Otto Porter,2013,3.0,81.0,198,3,36.0,2,1,"{u'forward': 2, u'major': 1, u'old': 1}"
113,Cody Zeller,2013,4.5,84.0,230,4,37.5,2,0,"{u'big': 4, u'average': 4, u'good': 4}"
114,Alex Len,2013,5.0,85.0,255,5,,2,1,"{u'able': 3, u'significant': 2, u'excellent': 3}"
115,Nerlens Noel,2013,5.0,84.0,206,6,,0,2,"{u'poor': 4, u'big': 6, u'limited': 3}"
116,Ben McLemore,2013,2.0,77.0,189,7,42.0,2,1,"{u'relative': 2, u'major': 2, u'best': 2}"
117,Kentavious Caldwell-Pope,2013,2.0,78.0,204,8,34.5,2,0,"{u'relative': 2, u'average': 2, u'half': 3}"
118,Trey Burke,2013,1.0,73.0,187,9,36.5,1,1,"{u'tremendous': 3, u'open': 4, u'best': 4}"
119,C.J. McCollum,2013,1.5,75.0,197,10,38.5,2,1,"{u'athletic': 4, u'good': 5, u'prolific': 5}"
120,Michael Carter-Williams,2013,1.0,78.0,184,11,41.0,1,1,"{u'great': 7, u'open': 4, u'half': 4}"
121,Steven Adams,2013,5.0,84.0,255,12,33.0,0,0,"{u'great': 6, u'good': 6, u'offensive': 5}"
122,Kelly Olynyk,2013,5.0,84.0,234,13,29.5,2,0,"{u'interesting': 1, u'rare': 1, u'eligible': 1}"
123,Shabazz Muhammad,2013,3.0,78.0,222,14,37.0,2,0,"{u'good': 5, u'offensive': 9, u'best': 4}"
124,Lucas Nogueira,2013,5.0,84.0,220,16,28.0,0,2,"{u'raw': 4, u'best': 4, u'spanish': 4}"
125,Dennis Schroeder,2013,1.0,74.0,165,17,34.0,1,1,"{u'german': 2, u'international': 3, u'open': 2}"
126,Shane Larkin,2013,1.0,71.0,171,18,44.0,1,0,"{u'heavy': 1, u'different': 1, u'prolific': 1}"
127,Sergey Karasev,2013,3.0,79.0,197,19,,2,0,"{u'russian': 5, u'good': 5, u'old': 5}"
128,Gorgui Dieng,2013,5.0,83.0,230,21,,2,0,"{u'upper': 1, u'key': 1, u'defensive': 2}"
129,Mason Plumlee,2013,5.0,84.0,238,22,36.0,0,0,"{u'great': 8, u'offensive': 8, u'excellent': 8}"
130,Solomon Hill,2013,3.0,79.0,226,23,37.5,2,1,{u'long': 1}
131,Reggie Bullock,2013,3.0,79.0,200,25,36.5,2,0,"{u'solid': 4, u'good': 5, u'nice': 6}"
132,Rudy Gobert,2013,5.0,86.0,238,27,29.0,2,2,"{u'big': 2, u'impressive': 2, u'significant': 3}"
133,Livio Jean-Charles,2013,3.5,81.0,217,28,,2,0,"{u'limited': 2, u'consistent': 3, u'great': 3}"
134,Archie Goodwin,2013,2.0,77.0,189,29,36.0,2,0,"{u'offensive': 3, u'best': 5, u'capable': 4}"
135,Nemanja Nedovic,2013,1.5,76.0,200,30,35.0,2,1,"{u'solid': 5, u'able': 3, u'european': 5}"
136,Allen Crabbe,2013,2.0,78.0,197,31,36.0,2,0,"{u'good': 5, u'explosive': 1, u'focal': 2}"
137,Alex Abrines,2013,2.0,77.0,190,32,,2,2,"{u'international': 1, u'significant': 1, u'spanish': 2}"
138,Isaiah Canaan,2013,1.0,72.0,188,34,40.5,2,1,{u'long': 1}
139,Glen Rice,2013,3.0,78.0,211,35,40.5,2,1,"{u'wrong': 4, u'good': 3, u'best': 2}"
140,Ray McCallum,2013,1.0,74.0,191,36,40.0,1,1,"{u'terrific': 2, u'outstanding': 2, u'excellent': 5}"
141,Tony Mitchell,2013,4.0,81.0,236,37,38.0,2,0,"{u'major': 4, u'offensive': 3, u'physical': 5}"
142,Nate Wolters,2013,1.0,77.0,196,38,,1,0,"{u'lateral': 2, u'physical': 2, u'excellent': 3}"
143,Jeff Withey,2013,5.0,84.0,222,39,29.0,2,2,"{u'good': 2, u'excellent': 3, u'physical': 3}"
144,Grant Jerrett,2013,4.0,82.0,232,40,34.0,2,2,"{u'great': 2, u'able': 4, u'excellent': 2}"
145,Pierre Jackson,2013,1.0,70.0,176,42,,2,1,"{u'solid': 1, u'athletic': 1, u'historical': 1}"
146,Ricky Ledo,2013,2.0,78.0,197,43,33.5,2,1,"{u'terrific': 3, u'good': 4, u'long': 3}"
147,Mike Muscala,2013,5.0,83.0,230,44,33.5,2,0,"{u'good': 2, u'offensive': 2, u'best': 2}"
148,Marko Todorovic,2013,5.0,83.0,240,45,,2,2,"{u'small': 1, u'massive': 1, u'best': 1}"
149,Erick Green,2013,1.5,75.0,178,46,,2,1,"{u'low': 3, u'long': 2, u'fourth': 2}"
150,Raul Neto,2013,1.0,74.0,179,47,30.0,2,1,"{u'brazilian': 3, u'good': 5, u'excellent': 4}"
151,Ryan Kelly,2013,4.0,84.0,228,48,,2,0,"{u'good': 2, u'best': 2, u'excellent': 2}"
152,Erik Murphy,2013,4.0,82.0,240,49,29.5,0,0,"{u'big': 5, u'good': 7, u'nice': 6}"
153,James Ennis,2013,3.0,79.0,201,50,36.5,2,0,"{u'limited': 2, u'strong': 3, u'freakish': 3}"
154,Romero Osby,2013,4.0,79.0,230,51,35.5,2,1,"{u'impressive': 2, u'remarkable': 1, u'outstanding': 1}"
155,Lorenzo Brown,2013,1.0,77.0,189,52,34.0,1,1,"{u'terrific': 7, u'good': 3, u'capable': 3}"
156,Arsalan Kazemi,2013,4.0,80.0,225,54,33.5,0,0,"{u'solid': 9, u'terrific': 4, u'big': 4}"
157,Joffrey Lauvergne,2013,4.0,83.0,240,55,31.6,0,2,"{u'big': 2, u'different': 2, u'french': 2}"
158,Peyton Siva,2013,1.0,73.0,181,56,41.5,2,0,{u'past': 1}
159,Alex Oriakhi,2013,4.5,81.0,238,57,32.5,0,0,"{u'good': 7, u'offensive': 10, u'nice': 7}"
160,Deshaun Thomas,2013,3.5,79.0,220,58,32.0,2,0,"{u'early': 2, u'long': 2, u'nice': 3}"
161,Bojan Dubljevic,2013,4.5,82.0,242,59,27.5,2,2,"{u'past': 2, u'national': 2, u'productive': 3}"
162,Janis Timma,2013,3.0,79.0,226,60,33.5,2,0,"{u'great': 2, u'physical': 2, u'capable': 2}"
163,Anthony Davis,2012,4.0,82.0,222,1,,0,0,"{u'big': 8, u'second': 4, u'able': 6}"
164,Michael Kidd-Gilchrist,2012,3.0,79.0,233,2,35.5,2,1,"{u'offensive': 4, u'overall': 5, u'excellent': 4}"
165,Bradley Beal,2012,2.0,77.0,202,3,39.0,2,0,"{u'great': 3, u'outstanding': 2, u'excellent': 3}"
166,Dion Waiters,2012,2.0,76.0,221,4,,2,0,"{u'quick': 3, u'good': 3, u'able': 2}"
167,Thomas Robinson,2012,4.0,81.0,244,5,35.5,2,0,"{u'limited': 5, u'great': 5, u'offensive': 4}"
168,Damian Lillard,2012,1.0,75.0,189,6,39.5,1,0,"{u'average': 4, u'good': 8, u'legitimate': 3}"
169,Harrison Barnes,2012,3.0,80.0,228,7,39.5,2,0,"{u'poor': 3, u'great': 2, u'overall': 2}"
170,Terrence Ross,2012,2.5,79.0,197,8,37.5,2,0,"{u'major': 4, u'long': 3, u'nice': 4}"
171,Andre Drummond,2012,5.0,84.0,279,9,33.5,0,0,"{u'capable': 6, u'long': 6, u'physical': 9}"
172,Austin Rivers,2012,2.0,77.0,203,10,37.5,2,1,"{u'offensive': 2, u'dribble': 2, u'capable': 2}"
173,Meyers Leonard,2012,5.0,85.0,250,11,32.5,2,0,"{u'defensive': 2, u'long': 2, u'physical': 2}"
174,Jeremy Lamb,2012,2.0,77.0,179,12,38.0,2,1,"{u'excellent': 3, u'offensive': 3, u'difficult': 4}"
175,Kendall Marshall,2012,1.0,76.0,198,13,37.0,1,0,"{u'great': 6, u'little': 5, u'long': 4}"
176,John Henson,2012,4.0,82.0,216,14,30.0,0,0,"{u'great': 8, u'able': 10, u'excellent': 9}"
177,Moe Harkless,2012,3.0,81.0,207,15,37.0,2,0,"{u'good': 6, u'able': 2, u'long': 3}"
178,Royce White,2012,4.0,80.0,261,16,,2,0,"{u'real': 1, u'big': 2, u'legal': 2}"
179,Tyler Zeller,2012,5.0,84.0,247,17,34.0,2,0,"{u'big': 4, u'great': 4, u'able': 3}"
180,Terrence Jones,2012,4.0,81.0,252,18,34.5,2,0,"{u'excellent': 3, u'strong': 2, u'nice': 3}"
181,Andrew Nicholson,2012,4.5,81.0,234,19,30.5,2,0,"{u'overall': 4, u'impressive': 2, u'effective': 3}"
182,Evan Fournier,2012,2.5,79.0,204,20,31.5,2,1,"{u'smooth': 4, u'french': 4, u'nice': 4}"
183,Jared Sullinger,2012,5.0,81.0,268,21,31.0,0,0,"{u'big': 8, u'great': 7, u'best': 7}"
184,Fab Melo,2012,5.0,84.0,255,22,31.0,0,2,"{u'better': 3, u'big': 3, u'good': 3}"
185,John Jenkins,2012,2.0,76.0,212,23,36.5,2,0,"{u'quick': 3, u'decent': 2, u'able': 2}"
186,Tony Wroten,2012,1.5,78.0,203,25,35.5,2,1,"{u'great': 4, u'old': 3, u'outstanding': 3}"
187,Miles Plumlee,2012,5.0,84.0,252,26,40.5,0,0,"{u'big': 4, u'national': 2, u'young': 2}"
188,Arnett Moultrie,2012,4.5,83.0,233,27,37.5,0,0,"{u'quick': 4, u'offensive': 5, u'defensive': 4}"
189,Perry Jones,2012,4.0,83.0,234,28,38.5,2,0,"{u'average': 6, u'bad': 4, u'long': 3}"
190,Marquis Teague,2012,1.0,74.0,180,29,36.5,1,1,"{u'open': 3, u'able': 5, u'physical': 3}"
191,Festus Ezeli,2012,5.0,83.0,264,30,33.5,2,0,"{u'decent': 2, u'good': 3, u'excellent': 2}"
192,Jeff Taylor,2012,3.0,79.0,213,31,40.0,0,0,"{u'solid': 6, u'good': 8, u'excellent': 5}"
193,Tomas Satoransky,2012,1.5,79.0,201,32,,1,1,"{u'old': 3, u'impressive': 3, u'excellent': 3}"
194,Jae Crowder,2012,3.0,78.0,241,34,34.5,2,1,"{u'efficient': 1, u'senior': 1, u'improved': 1}"
195,Draymond Green,2012,4.0,79.0,236,35,33.0,2,0,"{u'strong': 3, u'able': 3, u'best': 3}"
196,Orlando Johnson,2012,2.0,77.0,224,36,39.5,2,0,"{u'terrific': 1, u'strong': 1, u'best': 1}"
197,Quincy Acy,2012,4.0,80.0,224,37,30.5,2,0,"{u'offensive': 8, u'talented': 3, u'defensive': 4}"
198,Quincy Miller,2012,3.0,82.0,219,38,36.0,2,0,"{u'good': 3, u'significant': 2, u'nice': 2}"
199,Khris Middleton,2012,3.0,80.0,216,39,31.0,2,0,"{u'better': 1, u'good': 1, u'significant': 2}"
200,Will Barton,2012,3.0,78.0,174,40,34.0,2,1,"{u'questionable': 1, u'great': 2, u'able': 2}"
201,Tyshawn Taylor,2012,1.0,76.0,177,41,36.5,1,0,"{u'good': 7, u'open': 5, u'capable': 4}"
202,Doron Lamb,2012,2.0,77.0,199,42,33.5,2,1,"{u'smooth': 3, u'able': 4, u'nice': 3}"
203,Kim English,2012,2.5,78.0,192,44,36.5,2,1,"{u'good': 7, u'offensive': 6, u'nice': 6}"
204,Justin Hamilton,2012,5.0,83.0,264,45,28.8,0,2,"{u'solid': 2, u'big': 3, u'junior': 2}"
205,Darius Miller,2012,3.0,79.0,233,46,37.0,2,0,"{u'limited': 2, u'best': 2, u'physical': 3}"
206,Kevin Murphy,2012,2.5,78.0,194,47,36.5,2,1,"{u'little': 2, u'open': 1, u'impressive': 2}"
207,Kostas Papanikolaou,2012,3.0,80.0,230,48,25.5,2,2,"{u'small': 4, u'greek': 4, u'european': 3}"
208,Izzet Turkyilmaz,2012,5.0,85.0,211,50,28.5,2,0,"{u'limited': 1, u'second': 3, u'young': 2}"
209,Kris Joseph,2012,3.0,79.0,215,51,35.0,2,0,"{u'solid': 3, u'small': 2, u'excellent': 3}"
210,Ognjen Kuzmic,2012,5.0,85.0,231,52,,2,2,"{u'big': 1, u'second': 1, u'impressive': 1}"
211,Furkan Aldemir,2012,4.0,81.0,220,53,,2,2,"{u'gaudy': 1, u'impressive': 1, u'turkish': 2}"
212,Tornike Shengelia,2012,4.0,81.0,228,54,28.5,2,0,"{u'solid': 5, u'better': 3, u'nice': 3}"
213,Darius Johnson-Odom,2012,2.0,75.0,212,55,41.5,2,1,"{u'good': 4, u'strong': 4, u'capable': 3}"
214,Tomislav Zubcic,2012,4.0,83.0,229,56,27.0,0,2,"{u'small': 7, u'excellent': 6, u'nice': 11}"
215,Ilkan Karaman,2012,3.0,81.0,236,57,33.5,2,2,"{u'strong': 2, u'upcoming': 1, u'physical': 2}"
216,Robbie Hummel,2012,3.5,80.0,218,58,30.0,0,0,"{u'small': 6, u'great': 6, u'good': 9}"
217,Robert Sacre,2012,5.0,84.0,263,60,30.0,2,0,"{u'able': 2, u'low': 2, u'physical': 2}"
218,Kyrie Irving,2011,1.0,75.0,190,1,,1,1,"{u'terrific': 4, u'aggressive': 3, u'good': 3}"
219,Derrick Williams,2011,4.0,81.0,250,2,34.5,0,0,"{u'great': 7, u'good': 8, u'offensive': 9}"
220,Enes Kanter,2011,5.0,83.0,260,3,32.5,2,2,"{u'solid': 6, u'good': 5, u'junior': 5}"
221,Tristan Thompson,2011,4.0,81.0,230,4,35.0,0,0,"{u'good': 11, u'offensive': 7, u'long': 8}"
222,Jonas Valanciunas,2011,5.0,83.0,240,5,,0,2,"{u'big': 6, u'old': 3, u'defensive': 3}"
223,Jan Vesely,2011,4.0,83.0,240,6,,0,0,"{u'great': 10, u'offensive': 9, u'european': 14}"
224,Bismack Biyombo,2011,4.5,81.0,240,7,,2,0,"{u'raw': 3, u'clear': 3, u'offensive': 4}"
225,Brandon Knight,2011,1.0,75.0,180,8,37.5,1,1,"{u'terrific': 4, u'impressive': 4, u'young': 3}"
226,Kemba Walker,2011,1.0,73.0,185,9,39.5,1,1,"{u'great': 8, u'good': 8, u'nice': 6}"
227,Jimmer Fredette,2011,1.0,74.0,195,10,33.0,2,0,"{u'great': 5, u'good': 7, u'best': 5}"
228,Klay Thompson,2011,2.5,79.0,205,11,31.5,2,0,"{u'average': 9, u'offensive': 9, u'defensive': 6}"
229,Alec Burks,2011,2.0,78.0,195,12,36.0,2,0,"{u'defensive': 5, u'long': 5, u'physical': 5}"
230,Markieff Morris,2011,4.0,82.0,240,13,31.5,0,0,"{u'solid': 6, u'big': 9, u'able': 8}"
231,Marcus Morris,2011,4.0,81.0,230,14,33.0,0,0,"{u'solid': 6, u'good': 12, u'offensive': 5}"
232,Kawhi Leonard,2011,3.0,79.0,225,15,32.0,2,0,"{u'able': 5, u'impressive': 5, u'physical': 6}"
233,Nikola Vucevic,2011,4.5,84.0,260,16,25.0,0,0,"{u'big': 5, u'good': 4, u'european': 5}"
234,Iman Shumpert,2011,1.5,78.0,220,17,42.0,2,1,"{u'great': 4, u'good': 6, u'nice': 5}"
235,Chris Singleton,2011,3.0,81.0,230,18,30.0,0,0,"{u'little': 6, u'best': 7, u'defensive': 9}"
236,Tobias Harris,2011,3.5,80.0,225,19,37.5,2,0,"{u'tall': 1, u'old': 1, u'spectacular': 1}"
237,Donatas Motiejunas,2011,4.5,84.0,215,20,,0,2,"{u'big': 21, u'great': 13, u'offensive': 13}"
238,Nolan Smith,2011,1.5,76.0,190,21,34.0,1,1,"{u'great': 8, u'good': 4, u'nice': 7}"
239,Kenneth Faried,2011,4.0,80.0,225,22,35.0,0,0,"{u'big': 8, u'good': 4, u'offensive': 5}"
240,Nikola Mirotic,2011,4.0,82.0,210,23,,0,2,"{u'big': 7, u'impressive': 6, u'best': 7}"
241,Marshon Brooks,2011,2.0,77.0,195,25,38.5,2,1,"{u'good': 2, u'mid': 2, u'low': 2}"
242,Jordan Hamilton,2011,3.0,80.0,230,26,32.0,2,0,"{u'solid': 6, u'great': 7, u'good': 7}"
243,Norris Cole,2011,1.0,74.0,175,28,38.5,2,0,"{u'consistent': 2, u'good': 7, u'half': 3}"
244,Cory Joseph,2011,1.5,75.0,185,29,35.0,1,1,"{u'better': 3, u'good': 6, u'nice': 3}"
245,Jimmy Butler,2011,3.0,80.0,220,30,39.0,2,0,"{u'good': 6, u'offensive': 5, u'excellent': 5}"
246,Bojan Bogdanovic,2011,2.5,79.0,216,31,,2,2,"{u'decent': 5, u'good': 13, u'nice': 7}"
247,Justin Harper,2011,4.0,81.0,230,32,33.0,2,1,{u'unheralded': 1}
248,Kyle Singler,2011,3.5,81.0,225,33,30.0,0,0,"{u'good': 20, u'mid': 11, u'nice': 17}"
249,Shelvin Mack,2011,1.0,74.0,210,34,39.0,1,1,"{u'good': 3, u'able': 3, u'mid': 2}"
250,Tyler Honeycutt,2011,3.0,80.0,190,35,37.0,2,0,"{u'great': 4, u'able': 3, u'excellent': 6}"
251,Jordan Williams,2011,5.0,81.0,250,36,30.5,0,0,"{u'average': 6, u'offensive': 4, u'defensive': 3}"
252,Trey Thompkins,2011,4.0,82.0,240,37,30.5,0,0,"{u'big': 12, u'great': 11, u'good': 13}"
253,Chandler Parsons,2011,3.0,82.0,220,38,31.5,2,0,"{u'solid': 8, u'small': 6, u'good': 10}"
254,Jeremy Tyler,2011,5.0,83.0,260,39,33.5,0,2,"{u'good': 5, u'old': 7, u'european': 6}"
255,Jon Leuer,2011,4.0,83.0,225,40,36.5,0,0,"{u'great': 5, u'good': 6, u'long': 4}"
256,Darius Morris,2011,1.0,77.0,190,41,32.0,2,0,{u'past': 1}
257,Davis Bertans,2011,3.0,82.0,210,42,,2,1,"{u'small': 3, u'impressive': 3, u'young': 2}"
258,Malcolm Lee,2011,2.0,77.0,200,43,35.5,1,1,"{u'good': 7, u'potential': 5, u'best': 4}"
259,Charles Jenkins,2011,1.5,75.0,220,44,34.0,2,2,"{u'late': 1, u'viral': 1, u'appropriate': 1}"
260,Andrew Goudelock,2011,1.0,75.0,200,46,37.0,1,1,"{u'sound': 1, u'solid': 1, u'clear': 1}"
261,Travis Leslie,2011,3.0,76.0,205,47,40.5,2,0,"{u'great': 3, u'best': 3, u'physical': 3}"
262,Keith Benson,2011,4.5,83.0,220,48,36.0,0,0,"{u'big': 6, u'good': 7, u'able': 6}"
263,Josh Selby,2011,2.0,75.0,195,49,42.0,1,1,"{u'great': 6, u'good': 4, u'tough': 3}"
264,Lavoy Allen,2011,4.0,81.0,225,50,,0,0,"{u'big': 13, u'good': 16, u'offensive': 10}"
265,Vernon Macklin,2011,5.0,81.0,245,52,,0,0,"{u'big': 5, u'good': 5, u'offensive': 5}"
266,DeAndre Liggins,2011,2.5,78.0,205,53,31.0,1,1,"{u'big': 5, u'great': 5, u'offensive': 5}"
267,Milan Macvan,2011,4.5,81.0,265,54,,0,2,"{u'big': 14, u'physical': 9, u'nice': 10}"
268,Ater Majok,2011,4.5,82.0,225,58,,2,0,"{u'past': 2, u'interesting': 2, u'little': 2}"
269,Adam Hanga,2011,2.5,79.0,200,59,34.5,2,0,"{u'great': 3, u'good': 7, u'nice': 5}"
270,Isaiah Thomas,2011,1.0,70.0,190,60,40.0,1,0,"{u'tremendous': 2, u'able': 4, u'outstanding': 2}"
271,John Wall,2010,1.0,76.0,195,1,39.0,1,1,"{u'better': 7, u'big': 5, u'eligible': 4}"
272,Evan Turner,2010,2.5,79.0,205,2,34.5,2,0,"{u'great': 14, u'good': 23, u'nice': 10}"
273,Derrick Favors,2010,4.5,82.0,246,3,35.5,0,0,"{u'terrific': 8, u'big': 10, u'great': 8}"
274,Wesley Johnson,2010,3.5,79.0,195,4,37.0,2,0,"{u'better': 7, u'small': 7, u'able': 7}"
275,DeMarcus Cousins,2010,5.0,83.0,270,5,27.5,0,0,"{u'big': 16, u'good': 8, u'impressive': 7}"
276,Ekpe Udoh,2010,4.5,82.0,240,6,33.5,0,0,"{u'good': 12, u'offensive': 10, u'impressive': 8}"
277,Greg Monroe,2010,4.5,83.0,240,7,29.0,0,0,"{u'big': 22, u'good': 16, u'excellent': 14}"
278,Al-Farouq Aminu,2010,3.5,80.0,210,8,33.5,0,0,"{u'small': 15, u'great': 19, u'outstanding': 12}"
279,Gordon Hayward,2010,3.0,80.0,200,9,34.5,2,0,"{u'great': 5, u'good': 10, u'open': 4}"
280,Paul George,2010,3.0,81.0,215,10,,2,0,"{u'small': 7, u'solid': 6, u'good': 5}"
281,Cole Aldrich,2010,5.0,83.0,250,11,28.0,0,0,"{u'big': 21, u'good': 14, u'excellent': 13}"
282,Xavier Henry,2010,3.0,78.0,210,12,36.5,2,0,"{u'solid': 6, u'great': 9, u'good': 17}"
283,Ed Davis,2010,4.0,81.0,215,13,36.0,0,0,"{u'big': 8, u'good': 10, u'able': 9}"
284,Patrick Patterson,2010,4.0,80.0,223,14,33.5,0,0,"{u'big': 10, u'good': 9, u'offensive': 10}"
285,Larry Sanders,2010,4.5,81.0,205,15,28.0,0,0,"{u'big': 11, u'able': 8, u'long': 11}"
286,Luke Babbitt,2010,3.0,79.0,215,16,37.5,0,0,"{u'great': 6, u'good': 9, u'physical': 6}"
287,Kevin Seraphin,2010,5.0,81.0,258,17,,0,2,"{u'big': 8, u'french': 8, u'interesting': 6}"
288,Eric Bledsoe,2010,1.5,73.0,190,18,,1,1,"{u'open': 5, u'able': 5, u'excellent': 5}"
289,Avery Bradley,2010,2.0,75.0,180,19,37.5,1,1,"{u'great': 13, u'good': 13, u'able': 12}"
290,James Anderson,2010,2.5,78.0,195,20,35.5,2,1,"{u'big': 8, u'good': 11, u'offensive': 12}"
291,Craig Brackins,2010,4.5,82.0,230,21,35.0,0,0,"{u'big': 18, u'good': 8, u'able': 9}"
292,Elliot Williams,2010,2.0,76.0,175,22,,2,0,"{u'good': 7, u'right': 5, u'physical': 7}"
293,Trevor Booker,2010,4.0,79.0,215,23,36.0,0,0,"{u'big': 7, u'good': 10, u'offensive': 8}"
294,Damion James,2010,3.5,79.0,225,24,33.0,0,0,"{u'small': 10, u'great': 14, u'good': 15}"
295,Dominique Jones,2010,2.0,76.0,205,25,32.5,1,1,"{u'average': 7, u'good': 15, u'defensive': 7}"
296,Quincy Pondexter,2010,3.0,78.0,220,26,,0,0,"{u'good': 23, u'offensive': 17, u'nice': 10}"
297,Jordan Crawford,2010,2.0,76.0,195,27,34.5,2,1,"{u'quick': 4, u'average': 5, u'good': 4}"
298,Greivis Vasquez,2010,1.5,77.0,195,28,,1,1,"{u'great': 7, u'good': 8, u'outstanding': 8}"
299,Daniel Orton,2010,5.0,82.0,260,29,30.5,0,0,"{u'solid': 5, u'offensive': 4, u'able': 4}"
300,Lazar Hayward,2010,3.0,78.0,225,30,36.0,2,0,"{u'open': 3, u'good': 4, u'right': 3}"
301,Tibor Pleiss,2010,5.0,84.0,220,31,,0,2,"{u'decent': 3, u'able': 3, u'nice': 5}"
302,Dexter Pittman,2010,5.0,82.0,310,32,,0,0,"{u'raw': 6, u'great': 5, u'good': 10}"
303,Hassan Whiteside,2010,5.0,84.0,235,33,31.5,0,0,"{u'able': 8, u'good': 9, u'offensive': 9}"
304,Armon Johnson,2010,1.5,75.0,195,34,38.5,1,1,"{u'good': 13, u'nice': 6, u'excellent': 6}"
305,Nemanja Bjelica,2010,1.5,82.0,210,35,,2,2,"{u'solid': 3, u'intriguing': 2, u'nice': 3}"
306,Terrico White,2010,2.0,77.0,211,36,40.0,1,1,"{u'terrific': 8, u'great': 6, u'physical': 7}"
307,Darington Hobson,2010,3.0,79.0,205,37,34.0,2,0,"{u'great': 4, u'good': 5, u'effective': 5}"
308,Andy Rautins,2010,2.0,76.0,195,38,30.5,2,1,"{u'capable': 3, u'physical': 4, u'excellent': 5}"
309,Landry Fields,2010,3.0,79.0,210,39,,2,0,"{u'little': 4, u'good': 7, u'senior': 4}"
310,Lance Stephenson,2010,2.0,77.0,200,40,33.0,2,1,"{u'good': 13, u'offensive': 8, u'strong': 9}"
311,Jarvis Varnado,2010,4.0,81.0,210,41,32.5,0,0,"{u'big': 11, u'good': 12, u'offensive': 11}"
312,Devin Ebanks,2010,3.5,80.0,205,43,32.0,0,0,"{u'good': 10, u'able': 5, u'nice': 8}"
313,Jerome Jordan,2010,5.0,84.0,235,44,,0,2,"{u'good': 10, u'offensive': 11, u'physical': 14}"
314,Paulao Prestes,2010,5.0,82.0,265,45,,0,2,"{u'strong': 5, u'low': 5, u'physical': 4}"
315,Gani Lawal,2010,4.5,80.0,233,46,31.5,0,0,"{u'offensive': 7, u'able': 8, u'defensive': 8}"
316,Tiny Gallon,2010,4.0,80.0,320,47,28.5,0,2,"{u'big': 7, u'good': 11, u'offensive': 9}"
317,Latavious Williams,2010,4.0,80.0,190,48,,2,0,"{u'solid': 3, u'second': 3, u'good': 3}"
318,Ryan Richards,2010,4.5,82.0,225,49,28.5,0,2,"{u'old': 6, u'low': 4, u'young': 3}"
319,Solomon Alabi,2010,5.0,85.0,251,50,26.0,0,0,"{u'good': 17, u'defensive': 10, u'nice': 10}"
320,Magnum Rolle,2010,4.0,82.0,200,51,,2,0,"{u'quick': 3, u'decent': 3, u'physical': 4}"
321,Luke Harangody,2010,4.0,80.0,251,52,28.5,0,0,"{u'big': 7, u'able': 7, u'best': 6}"
322,Pape Sy,2010,1.5,0.0,&nbsp,53,,2,0,"{u'outstanding': 2, u'tough': 2, u'difficult': 4}"
323,Willie Warren,2010,2.0,76.0,200,54,31.5,1,1,"{u'excellent': 6, u'good': 12, u'outstanding': 7}"
324,Jeremy Evans,2010,4.0,81.0,190,55,,2,2,"{u'great': 2, u'right': 2, u'offensive': 2}"
325,Derrick Caracter,2010,4.5,81.0,265,58,30.5,0,2,"{u'quick': 6, u'big': 6, u'great': 12}"
326,Stanley Robinson,2010,3.5,81.0,225,59,37.5,0,0,"{u'small': 5, u'good': 17, u'outstanding': 8}"
327,Dwayne Collins,2010,4.5,80.0,232,60,,0,0,"{u'big': 6, u'average': 6, u'offensive': 7}"
328,Blake Griffin,2009,4.0,82.0,251,1,35.5,0,0,"{u'great': 9, u'excellent': 8, u'nice': 14}"
329,Hasheem Thabeet,2009,5.0,87.0,265,2,34.0,0,0,"{u'poor': 11, u'big': 22, u'offensive': 25}"
330,James Harden,2009,2.0,77.0,218,3,37.0,2,1,"{u'great': 17, u'good': 18, u'excellent': 12}"
331,Tyreke Evans,2009,1.5,77.0,195,4,34.0,1,1,"{u'great': 12, u'good': 10, u'able': 13}"
332,Ricky Rubio,2009,1.0,76.0,180,5,,1,2,"{u'terrific': 18, u'big': 19, u'good': 18}"
333,Jonny Flynn,2009,1.0,72.0,172,6,40.0,1,1,"{u'good': 19, u'able': 10, u'best': 8}"
334,Stephen Curry,2009,1.5,75.0,185,7,35.5,1,1,"{u'little': 9, u'good': 11, u'great': 7}"
335,Jordan Hill,2009,4.0,82.0,235,8,35.0,0,2,"{u'big': 15, u'good': 18, u'able': 8}"
336,Demar DeRozan,2009,2.5,79.0,207,9,38.5,2,1,"{u'better': 6, u'great': 13, u'good': 15}"
337,Brandon Jennings,2009,1.0,73.0,170,10,,1,1,"{u'little': 15, u'good': 18, u'bad': 9}"
338,Terrence Williams,2009,2.5,78.0,220,11,37.0,2,1,"{u'better': 12, u'great': 16, u'good': 9}"
339,Gerald Henderson,2009,2.0,77.0,215,12,35.0,2,1,"{u'great': 10, u'good': 7, u'nice': 8}"
340,Tyler Hansbrough,2009,4.0,81.0,230,13,34.0,0,2,"{u'big': 15, u'great': 13, u'good': 20}"
341,Earl Clark,2009,3.5,81.0,220,14,33.0,0,0,"{u'small': 10, u'big': 18, u'good': 21}"
342,Austin Daye,2009,3.5,82.0,190,15,28.0,0,0,"{u'good': 11, u'offensive': 11, u'strong': 10}"
343,James Johnson,2009,3.5,80.0,235,16,35.0,0,0,"{u'great': 7, u'good': 9, u'nice': 9}"
344,Jrue Holiday,2009,1.5,75.0,185,17,34.0,1,1,"{u'second': 13, u'good': 13, u'great': 13}"
345,Ty Lawson,2009,1.0,72.0,195,18,36.5,1,1,"{u'good': 33, u'open': 16, u'best': 23}"
346,Jeff Teague,2009,1.5,74.0,180,19,36.5,1,1,"{u'average': 5, u'good': 8, u'nice': 6}"
347,Eric Maynor,2009,1.0,74.0,175,20,31.5,1,1,"{u'big': 12, u'great': 11, u'good': 16}"
348,Darren Collison,2009,1.0,73.0,165,21,33.5,1,1,"{u'great': 17, u'good': 17, u'best': 12}"
349,Victor Claver,2009,4.0,82.0,218,22,,0,2,"{u'excellent': 13, u'good': 16, u'nice': 16}"
350,Omri Casspi,2009,3.5,80.0,220,23,32.5,0,2,"{u'small': 15, u'good': 23, u'nice': 24}"
351,Rodrigue Beaubois,2009,1.0,74.0,182,25,39.0,2,1,"{u'solid': 4, u'right': 2, u'nice': 4}"
352,Taj Gibson,2009,4.0,81.0,210,26,30.0,0,2,"{u'big': 9, u'old': 5, u'offensive': 9}"
353,DeMarre Carroll,2009,3.5,80.0,225,27,,0,0,"{u'good': 5, u'mid': 5, u'collegiate': 5}"
354,Wayne Ellington,2009,2.0,77.0,190,28,38.0,2,1,"{u'great': 11, u'good': 14, u'impressive': 9}"
355,Toney Douglas,2009,1.5,73.0,196,29,32.5,1,0,"{u'good': 5, u'defensive': 3, u'best': 4}"
356,Christian Eyenga,2009,2.5,77.0,210,30,,2,2,"{u'decent': 2, u'big': 2, u'nice': 2}"
357,Jeff Pendergraph,2009,4.5,81.0,230,31,35.0,0,0,"{u'solid': 12, u'good': 17, u'nice': 11}"
358,Jermaine Taylor,2009,2.0,76.0,210,32,37.5,2,0,"{u'able': 6, u'impressive': 7, u'excellent': 7}"
359,Dante Cunningham,2009,4.0,80.0,230,33,35.0,0,0,"{u'average': 3, u'good': 4, u'likely': 2}"
360,Sergio Llull,2009,1.5,75.0,176,34,,1,1,"{u'strong': 4, u'nice': 4, u'excellent': 6}"
361,DaJuan Summers,2009,3.5,80.0,241,35,34.5,2,0,"{u'small': 6, u'big': 5, u'good': 12}"
362,Sam Young,2009,3.5,78.0,210,36,33.0,0,0,"{u'good': 18, u'offensive': 15, u'defensive': 9}"
363,DeJuan Blair,2009,4.5,79.0,265,37,33.0,0,0,"{u'better': 8, u'big': 8, u'great': 10}"
364,Jon Brockman,2009,4.0,79.0,260,38,,0,0,"{u'big': 12, u'great': 10, u'good': 11}"
365,Jonas Jerebko,2009,4.0,81.0,210,39,,2,2,"{u'small': 8, u'swedish': 5, u'excellent': 5}"
366,Derrick Brown,2009,4.0,79.0,225,40,35.5,0,0,"{u'offensive': 7, u'slow': 6, u'able': 8}"
367,Jodie Meeks,2009,2.0,76.0,208,41,37.0,2,0,"{u'elite': 3, u'open': 3, u'nice': 4}"
368,Patrick Beverley,2009,1.5,73.0,172,42,37.0,1,1,"{u'good': 4, u'open': 4, u'nice': 5}"
369,Marcus Thornton,2009,2.0,76.0,198,43,33.0,2,1,"{u'second': 5, u'good': 6, u'offensive': 6}"
370,Chase Budinger,2009,2.5,79.0,218,44,38.5,2,1,"{u'great': 10, u'good': 25, u'offensive': 11}"
371,Nick Calathes,2009,1.5,77.0,185,45,,1,1,"{u'quick': 9, u'great': 14, u'good': 15}"
372,Danny Green,2009,2.5,78.0,210,46,33.0,2,0,"{u'good': 15, u'open': 7, u'nice': 9}"
373,Henk Norel,2009,4.0,83.0,212,47,27.0,0,2,"{u'big': 9, u'physical': 9, u'nice': 15}"
374,Sergey Gladyr,2009,2.0,77.0,190,49,32.0,2,1,"{u'perfect': 1, u'best': 2, u'ukrainian': 2}"
375,Goran Suton,2009,4.5,82.0,245,50,,2,0,"{u'small': 2, u'good': 1, u'impressive': 1}"
376,Jack McClinton,2009,1.5,73.0,185,51,36.5,2,1,"{u'big': 7, u'good': 8, u'best': 4}"
377,A.J. Price,2009,1.0,74.0,190,52,31.0,1,1,"{u'solid': 8, u'bad': 6, u'good': 7}"
378,Robert Vaden,2009,2.5,77.0,200,54,,2,1,"{u'questionable': 3, u'good': 7, u'best': 3}"
379,Patrick Mills,2009,1.0,72.0,175,55,33.0,1,1,"{u'big': 6, u'good': 14, u'excellent': 7}"
380,Ahmad Nivins,2009,4.0,81.0,235,56,,0,0,"{u'decent': 4, u'good': 11, u'excellent': 4}"
381,Emir Preldzic,2009,3.0,81.0,220,57,,2,2,"{u'small': 8, u'great': 9, u'good': 6}"
382,Lester Hudson,2009,1.5,75.0,190,58,36.0,2,1,"{u'good': 7, u'hard': 5, u'excellent': 5}"
383,Robert Dozier,2009,4.0,82.0,205,60,,0,0,"{u'big': 8, u'consistent': 8, u'good': 13}"
384,Derrick Rose,2008,1.0,75.0,190,1,40.0,1,1,"{u'little': 12, u'good': 16, u'open': 11}"
385,Michael Beasley,2008,4.0,81.0,235,2,35.0,0,1,"{u'great': 12, u'good': 15, u'offensive': 13}"
386,O.J. Mayo,2008,1.5,77.0,195,3,41.0,1,1,"{u'great': 40, u'good': 19, u'best': 18}"
387,Russell Westbrook,2008,1.5,75.0,187,4,36.5,1,1,"{u'clear': 4, u'good': 5, u'open': 5}"
388,Kevin Love,2008,4.0,81.0,255,5,35.0,0,2,"{u'athletic': 20, u'big': 27, u'good': 23}"
389,Danilo Gallinari,2008,3.0,81.0,209,6,,2,2,"{u'excellent': 7, u'good': 8, u'italian': 8}"
390,Eric Gordon,2008,2.0,75.0,215,7,40.0,1,1,"{u'big': 10, u'great': 9, u'strong': 9}"
391,Joe Alexander,2008,4.0,80.0,230,8,38.5,0,0,"{u'great': 13, u'good': 7, u'nice': 9}"
392,D.J. Augustin,2008,1.0,71.0,175,9,35.0,1,1,"{u'big': 5, u'great': 7, u'good': 15}"
393,Brook Lopez,2008,5.0,84.0,260,10,30.5,0,2,"{u'big': 15, u'good': 16, u'low': 10}"
394,Jerryd Bayless,2008,1.5,75.0,199,11,38.0,1,1,"{u'good': 10, u'impressive': 9, u'strong': 7}"
395,Jason Thompson,2008,5.0,83.0,250,12,,0,0,"{u'big': 10, u'good': 12, u'nice': 11}"
396,Brandon Rush,2008,2.5,79.0,211,13,35.0,0,1,"{u'great': 15, u'good': 25, u'strong': 12}"
397,Anthony Randolph,2008,3.5,83.0,220,14,,0,2,"{u'great': 6, u'good': 6, u'able': 12}"
398,Robin Lopez,2008,4.5,84.0,255,15,,0,2,"{u'good': 17, u'offensive': 10, u'nice': 8}"
399,Marreese Speights,2008,4.5,82.0,245,16,,0,2,"{u'big': 8, u'good': 10, u'able': 6}"
400,Roy Hibbert,2008,5.0,86.0,272,17,,0,2,"{u'big': 22, u'able': 15, u'offensive': 16}"
401,JaVale McGee,2008,5.0,84.0,237,18,32.5,0,2,"{u'great': 5, u'good': 6, u'able': 7}"
402,J.J. Hickson,2008,4.0,81.0,242,19,,0,0,"{u'great': 13, u'good': 21, u'nice': 11}"
403,Alexis Ajinca,2008,5.0,85.0,225,20,,0,2,"{u'big': 20, u'great': 19, u'good': 17}"
404,Ryan Anderson,2008,4.0,82.0,240,21,,0,0,"{u'big': 11, u'great': 7, u'good': 10}"
405,Courtney Lee,2008,2.5,77.0,200,22,,2,1,"{u'excellent': 7, u'good': 15, u'nice': 10}"
406,Kosta Koufos,2008,5.0,85.0,245,23,,0,2,"{u'big': 16, u'good': 16, u'nice': 20}"
407,Serge Ibaka,2008,4.0,82.0,220,24,,0,2,"{u'big': 9, u'second': 8, u'nice': 9}"
408,Nicolas Batum,2008,3.0,80.0,214,25,,0,2,"{u'good': 37, u'best': 19, u'excellent': 19}"
409,George Hill,2008,1.5,74.0,180,26,37.5,1,1,"{u'decent': 3, u'little': 4, u'hard': 2}"
410,Darrell Arthur,2008,4.0,81.0,215,27,30.0,0,2,"{u'great': 8, u'good': 21, u'excellent': 7}"
411,Donte Greene,2008,3.5,82.0,220,28,31.5,0,1,"{u'small': 8, u'good': 12, u'smooth': 8}"
412,D.J. White,2008,4.0,81.0,230,29,,0,2,"{u'big': 11, u'good': 9, u'strong': 8}"
413,J.R. Giddens,2008,2.0,77.0,200,30,,2,1,"{u'better': 4, u'great': 8, u'senior': 5}"
414,Nikola Pekovic,2008,5.0,83.0,243,31,,0,2,"{u'big': 7, u'good': 24, u'strong': 9}"
415,Walter Sharpe,2008,4.0,81.0,245,32,,2,2,"{u'hard': 1, u'potential': 2, u'polished': 1}"
416,Joey Dorsey,2008,4.0,81.0,260,33,33.0,0,2,"{u'tremendous': 10, u'able': 12, u'offensive': 20}"
417,Mario Chalmers,2008,1.0,73.0,190,34,,1,1,"{u'great': 15, u'good': 9, u'best': 9}"
418,DeAndre Jordan,2008,5.0,84.0,260,35,30.5,0,2,"{u'big': 10, u'good': 11, u'offensive': 9}"
419,Omer Asik,2008,5.0,83.0,230,36,,0,2,"{u'solid': 8, u'big': 8, u'good': 11}"
420,Kyle Weaver,2008,1.5,78.0,201,38,,1,1,"{u'good': 11, u'offensive': 8, u'long': 6}"
421,Sonny Weems,2008,2.5,78.0,201,39,36.5,2,1,"{u'athletic': 3, u'good': 6, u'nice': 5}"
422,Chris Douglas-Roberts,2008,2.5,79.0,200,40,,2,1,"{u'great': 6, u'good': 6, u'best': 7}"
423,Nathan Jawai,2008,5.0,82.0,282,41,,2,2,"{u'past': 2, u'head': 1, u'best': 2}"
424,Sean Singletary,2008,1.0,72.0,180,42,,1,1,"{u'good': 9, u'best': 6, u'excellent': 7}"
425,Ante Tomic,2008,5.0,86.0,220,44,,0,2,"{u'great': 16, u'good': 29, u'low': 13}"
426,Goran Dragic,2008,1.0,76.0,200,45,,1,1,"{u'great': 6, u'good': 9, u'european': 6}"
427,Trent Plaisted,2008,5.0,83.0,240,46,35.5,0,0,"{u'good': 11, u'strong': 6, u'nice': 4}"
428,Bill Walker,2008,3.0,78.0,225,47,,0,1,"{u'second': 11, u'good': 11, u'able': 17}"
429,Malik Hairston,2008,3.0,78.0,200,48,38.0,0,0,"{u'great': 10, u'good': 13, u'nice': 8}"
430,Richard Hendrix,2008,4.0,80.0,250,49,28.0,0,2,"{u'better': 6, u'big': 14, u'good': 10}"
431,DeVon Hardin,2008,5.0,83.0,250,50,32.0,0,2,"{u'better': 13, u'good': 10, u'physical': 8}"
432,Shan Foster,2008,2.0,78.0,205,51,33.0,2,1,"{u'little': 3, u'good': 7, u'best': 5}"
433,Darnell Jackson,2008,4.5,80.0,250,52,31.0,0,0,"{u'efficient': 3, u'good': 5, u'offensive': 4}"
434,Tadija Dragicevic,2008,4.0,81.0,222,53,,2,2,"{u'serbian': 3, u'offensive': 3, u'nice': 6}"
435,Maarty Leunen,2008,4.0,81.0,215,54,34.5,0,0,"{u'big': 6, u'good': 11, u'strong': 6}"
436,Mike Taylor,2008,1.5,74.0,190,55,39.0,2,1,"{u'offensive': 3, u'open': 4, u'nice': 6}"
437,Sasha Kaun,2008,5.0,83.0,246,56,32.0,0,2,"{u'big': 10, u'good': 14, u'able': 7}"
438,James Gist,2008,4.0,80.0,223,57,35.0,0,0,"{u'great': 8, u'good': 13, u'nice': 5}"
439,Joe Crawford,2008,2.0,76.0,210,58,36.0,2,1,"{u'decent': 3, u'great': 4, u'good': 9}"
440,Deron Washington,2008,3.0,79.0,205,59,40.0,2,0,"{u'good': 7, u'able': 5, u'excellent': 3}"
441,Semih Erden,2008,5.0,85.0,240,60,,0,2,"{u'athletic': 5, u'big': 5, u'decent': 4}"
442,Greg Oden,2007,5.0,84.0,257,1,34.0,0,2,"{u'big': 16, u'right': 20, u'offensive': 27}"
443,Kevin Durant,2007,3.5,82.0,215,2,33.5,0,1,"{u'great': 10, u'good': 16, u'able': 10}"
444,Al Horford,2007,4.5,82.0,246,3,35.5,0,2,"{u'good': 23, u'offensive': 19, u'defensive': 17}"
445,Jeff Green,2007,3.5,81.0,228,5,38.0,0,1,"{u'small': 13, u'good': 10, u'offensive': 9}"
446,Yi Jianlian,2007,4.5,84.0,230,6,38.0,0,2,"{u'able': 6, u'low': 9, u'chinese': 6}"
447,Corey Brewer,2007,3.0,80.0,185,7,36.5,0,1,"{u'defensive': 10, u'best': 12, u'outstanding': 11}"
448,Brandan Wright,2007,4.0,82.0,200,8,35.5,0,2,"{u'big': 18, u'offensive': 10, u'nice': 11}"
449,Joakim Noah,2007,4.5,84.0,223,9,37.5,0,2,"{u'big': 31, u'best': 20, u'excellent': 18}"
450,Spencer Hawes,2007,5.0,85.0,244,10,29.0,0,2,"{u'big': 14, u'good': 7, u'able': 7}"
451,Acie Law,2007,1.0,76.0,186,11,34.0,1,1,"{u'good': 12, u'mid': 11, u'nice': 11}"
452,Thaddeus Young,2007,3.0,80.0,210,12,37.0,0,0,"{u'small': 11, u'good': 16, u'offensive': 9}"
453,Julian Wright,2007,3.5,81.0,211,13,33.5,0,2,"{u'good': 8, u'offensive': 11, u'mid': 8}"
454,Al Thornton,2007,3.5,79.0,221,14,41.0,0,0,"{u'small': 7, u'quick': 6, u'good': 5}"
455,Rodney Stuckey,2007,1.5,77.0,207,15,35.0,2,1,"{u'great': 10, u'mid': 4, u'best': 6}"
456,Nick Young,2007,2.5,79.0,206,16,40.5,2,1,"{u'solid': 8, u'good': 12, u'impressive': 9}"
457,Sean Williams,2007,5.0,82.0,230,17,,0,2,"{u'big': 7, u'good': 8, u'raw': 7}"
458,Marco Belinelli,2007,2.0,77.0,192,18,,2,1,"{u'good': 31, u'best': 14, u'nice': 13}"
459,Javaris Crittenton,2007,1.0,77.0,194,19,38.0,1,1,"{u'terrific': 3, u'outside': 3, u'good': 7}"
460,Jason Smith,2007,4.5,84.0,233,20,37.5,2,0,"{u'hard': 3, u'impressive': 5, u'nice': 6}"
461,Daequan Cook,2007,2.0,78.0,203,21,34.5,2,1,"{u'offensive': 6, u'good': 8, u'able': 8}"
462,Jared Dudley,2007,3.5,79.0,219,22,32.0,0,1,"{u'small': 9, u'offensive': 6, u'nice': 8}"
463,Wilson Chandler,2007,3.5,80.0,210,23,,2,0,"{u'great': 9, u'good': 6, u'nice': 5}"
464,Rudy Fernandez,2007,2.0,78.0,172,24,35.5,2,2,"{u'great': 14, u'good': 18, u'nice': 16}"
465,Morris Almond,2007,2.5,78.0,215,25,35.5,2,1,"{u'good': 4, u'nice': 5, u'excellent': 6}"
466,Aaron Brooks,2007,1.0,72.0,160,26,39.5,1,1,"{u'solid': 9, u'good': 11, u'able': 8}"
467,Arron Afflalo,2007,2.5,77.0,206,27,,2,1,"{u'second': 5, u'good': 8, u'tough': 5}"
468,Tiago Splitter,2007,4.5,84.0,245,28,31.5,0,2,"{u'good': 43, u'offensive': 40, u'low': 37}"
469,Alando Tucker,2007,3.0,77.0,205,29,,2,1,"{u'big': 5, u'consistent': 5, u'good': 10}"
470,Petteri Koponen,2007,1.0,77.0,194,30,,1,1,"{u'great': 12, u'good': 9, u'young': 9}"
471,Carl Landry,2007,4.0,81.0,248,31,36.5,0,2,"{u'great': 6, u'good': 9, u'mid': 6}"
472,Gabe Pruitt,2007,1.0,76.0,170,32,,1,1,"{u'terrific': 3, u'good': 5, u'open': 3}"
473,Marcus Williams,2007,3.0,79.0,205,33,,2,0,"{u'good': 15, u'mid': 7, u'easy': 6}"
474,Nick Fazekas,2007,4.5,83.0,225,34,,0,2,"{u'big': 19, u'good': 20, u'offensive': 12}"
475,Glen Davis,2007,5.0,80.0,310,35,,0,2,"{u'big': 7, u'good': 6, u'best': 7}"
476,Jermareo Davidson,2007,4.5,83.0,230,36,30.0,0,2,"{u'big': 9, u'good': 8, u'nice': 10}"
477,Josh McRoberts,2007,4.5,82.0,240,37,31.5,0,2,"{u'open': 8, u'good': 11, u'able': 11}"
478,Kyrylo Fesenko,2007,5.0,85.0,270,38,,0,2,"{u'big': 6, u'long': 4, u'nice': 4}"
479,Stanko Barac,2007,5.0,85.0,230,39,,0,2,"{u'big': 9, u'good': 7, u'nice': 10}"
480,Sun Yue,2007,1.0,81.0,212,40,34.0,1,1,"{u'skinny': 4, u'good': 5, u'hard': 4}"
481,Chris Richard,2007,4.0,81.0,252,41,30.5,0,2,"{u'tough': 3, u'strong': 4, u'offensive': 4}"
482,Derrick Byars,2007,2.5,79.0,215,42,,2,1,"{u'good': 6, u'defensive': 5, u'best': 5}"
483,Adam Haluska,2007,2.0,77.0,210,43,,2,1,"{u'good': 9, u'mid': 5, u'strong': 5}"
484,Reyshawn Terry,2007,3.0,80.0,222,44,37.5,2,1,"{u'great': 4, u'good': 4, u'nice': 5}"
485,Jared Jordan,2007,1.0,74.0,182,45,28.5,1,1,"{u'great': 7, u'good': 8, u'excellent': 8}"
486,Stephane Lasme,2007,4.5,79.0,213,46,36.0,0,2,"{u'good': 14, u'offensive': 9, u'defensive': 7}"
487,Dominic McGuire,2007,3.0,80.0,220,47,34.5,0,2,"{u'athletic': 6, u'great': 6, u'nice': 10}"
488,Marc Gasol,2007,5.0,85.0,265,48,,0,2,"{u'big': 11, u'low': 9, u'nice': 14}"
489,Aaron Gray,2007,5.0,86.0,272,49,32.5,0,2,"{u'big': 10, u'good': 20, u'able': 10}"
490,Renaldas Seibutis,2007,2.0,78.0,185,50,32.5,2,1,"{u'good': 15, u'right': 5, u'strong': 5}"
491,Jameson Curry,2007,1.5,75.0,190,51,,1,1,"{u'good': 3, u'offensive': 3, u'outstanding': 3}"
492,Taurean Green,2007,1.0,73.0,173,52,32.5,1,1,"{u'big': 12, u'great': 12, u'best': 11}"
493,Demetris Nichols,2007,3.0,80.0,211,53,32.5,2,0,"{u'small': 5, u'good': 16, u'able': 5}"
494,Brad Newley,2007,2.0,79.0,201,54,31.5,2,1,"{u'athletic': 3, u'good': 7, u'nice': 4}"
495,Herbert Hill,2007,4.5,82.0,232,55,34.0,0,2,"{u'good': 15, u'offensive': 11, u'mid': 9}"
496,Ramon Sessions,2007,1.0,76.0,185,56,33.5,1,1,"{u'solid': 7, u'great': 9, u'good': 9}"
497,Sammy Mejia,2007,1.0,79.0,218,57,31.5,2,1,"{u'second': 4, u'good': 7, u'nice': 4}"
498,Giorgos Printezis,2007,3.5,81.0, 22,58,,2,2,"{u'small': 5, u'good': 6, u'nice': 5}"
499,D.J. Strawberry,2007,2.0,77.0,199,59,35.0,1,1,"{u'great': 12, u'good': 17, u'defensive': 11}"
500,Andrea Bargnani,2006,4.5,82.0,225,1,,0,2,"{u'big': 15, u'great': 12, u'good': 11}"
501,LaMarcus Aldridge,2006,4.5,83.0,235,2,34.0,0,2,"{u'big': 26, u'good': 22, u'offensive': 11}"
502,Adam Morrison,2006,3.0,80.0,200,3,30.5,2,1,"{u'great': 10, u'able': 10, u'defensive': 9}"
503,Tyrus Thomas,2006,4.0,80.0,220,4,39.5,0,2,"{u'good': 14, u'offensive': 15, u'outstanding': 11}"
504,Shelden Williams,2006,4.5,81.0,260,5,33.5,0,2,"{u'solid': 13, u'good': 8, u'able': 11}"
505,Brandon Roy,2006,2.0,78.0,210,6,40.5,1,1,"{u'good': 13, u'able': 12, u'best': 11}"
506,Randy Foye,2006,2.0,74.0,215,7,38.0,1,1,"{u'big': 10, u'good': 10, u'excellent': 9}"
507,Rudy Gay,2006,3.0,80.0,225,8,40.5,0,1,"{u'better': 11, u'great': 19, u'good': 17}"
508,Hilton Armstrong,2006,4.5,82.0,240,12,31.5,0,2,"{u'consistent': 10, u'good': 22, u'great': 10}"
509,Ronnie Brewer,2006,2.5,79.0,225,14,41.0,1,1,"{u'better': 18, u'good': 20, u'able': 12}"
510,Cedric Simmons,2006,4.5,82.0,225,15,35.0,0,2,"{u'big': 5, u'great': 6, u'foul': 5}"
511,Rodney Carney,2006,3.0,78.0,205,16,38.5,2,1,"{u'athletic': 7, u'good': 6, u'physical': 10}"
512,Shawne Williams,2006,3.5,81.0,230,17,31.0,2,0,"{u'terrific': 4, u'great': 5, u'good': 5}"
513,Oleksiy Pecherov,2006,4.0,84.0,210,18,,0,2,"{u'good': 16, u'offensive': 7, u'nice': 15}"
514,Quincy Douby,2006,1.5,75.0,175,19,,2,1,"{u'good': 5, u'offensive': 5, u'best': 5}"
515,Renaldo Balkman,2006,3.5,79.0,210,20,35.0,2,0,"{u'good': 5, u'strong': 3, u'defensive': 4}"
516,Rajon Rondo,2006,1.0,73.0,175,21,,1,1,"{u'defensive': 11, u'best': 12, u'excellent': 11}"
517,Josh Boone,2006,5.0,82.0,240,23,,0,2,"{u'big': 10, u'good': 8, u'offensive': 9}"
518,Kyle Lowry,2006,1.0,72.0,175,24,,1,1,"{u'good': 7, u'able': 6, u'defensive': 8}"
519,Shannon Brown,2006,2.0,76.0,205,25,,2,0,"{u'solid': 7, u'consistent': 5, u'outstanding': 6}"
520,Jordan Farmar,2006,1.0,74.0,175,26,42.0,1,1,"{u'great': 12, u'good': 12, u'best': 10}"
521,Sergio Rodriguez,2006,1.0,75.0,170,27,,1,1,"{u'great': 15, u'good': 16, u'spanish': 14}"
522,Maurice Ager,2006,2.5,77.0,205,28,35.0,2,1,"{u'athletic': 3, u'nice': 3, u'capable': 3}"
523,Mardy Collins,2006,1.0,78.0,225,29,37.5,1,1,"{u'offensive': 7, u'good': 9, u'able': 8}"
524,Joel Freeland,2006,4.0,82.0,225,30,,0,2,"{u'solid': 4, u'good': 6, u'excellent': 5}"
525,James White,2006,2.5,79.0,200,31,,1,1,"{u'open': 5, u'great': 5, u'able': 8}"
526,Steve Novak,2006,3.5,81.0,220,32,31.0,2,1,"{u'small': 6, u'big': 6, u'good': 9}"
527,Solomon Jones,2006,4.5,82.0,225,33,39.0,0,2,"{u'big': 9, u'senior': 9, u'good': 10}"
528,Paul Davis,2006,4.5,83.0,270,34,,0,2,"{u'big': 3, u'consistent': 2, u'best': 2}"
529,PJ Tucker,2006,3.5,77.0,225,35,,2,2,"{u'small': 6, u'mid': 6, u'superb': 4}"
530,Craig Smith,2006,4.0,79.0,260,36,29.5,2,0,"{u'good': 6, u'impressive': 5, u'physical': 5}"
531,Bobby Jones,2006,3.0,79.0,215,37,34.5,2,1,"{u'great': 8, u'offensive': 12, u'defensive': 20}"
532,Kosta Perovic,2006,5.0,86.0,240,38,,0,2,"{u'poor': 11, u'good': 19, u'soft': 13}"
533,David Noel,2006,3.5,78.0,225,39,38.5,2,0,"{u'great': 2, u'strong': 2, u'excellent': 3}"
534,Denham Brown,2006,2.5,77.0,220,40,34.5,2,1,"{u'solid': 4, u'good': 6, u'tough': 3}"
535,James Augustine,2006,4.0,82.0,230,41,32.5,0,2,"{u'big': 7, u'good': 7, u'nice': 9}"
536,Daniel Gibson,2006,2.0,74.0,190,42,,1,1,"{u'great': 5, u'good': 11, u'excellent': 9}"
537,Lior Eliyahu,2006,4.0,81.0,225,44,,0,2,"{u'small': 7, u'israeli': 8, u'right': 7}"
538,Alexander Johnson,2006,4.0,81.0,240,45,,0,2,"{u'new': 7, u'good': 8, u'big': 6}"
539,Dee Brown,2006,1.0,72.0,185,46,,1,1,"{u'outstanding': 6, u'tough': 6, u'excellent': 8}"
540,Paul Millsap,2006,4.0,79.0,260,47,32.5,0,2,"{u'big': 12, u'good': 12, u'offensive': 11}"
541,Vladimir Veremeenko,2006,3.5,82.0,240,48,,0,2,"{u'quick': 4, u'great': 4, u'good': 11}"
542,Leon Powe,2006,4.0,80.0,240,49,,0,0,"{u'big': 7, u'great': 13, u'low': 7}"
543,Ryan Hollins,2006,5.0,84.0,230,50,,0,2,"{u'athletic': 8, u'big': 8, u'good': 8}"
544,Guillermo Diaz,2006,1.5,74.0,185,52,,1,1,"{u'better': 7, u'nice': 6, u'excellent': 6}"
545,Yotam Halperin,2006,1.5,77.0,210,53,,1,1,"{u'good': 15, u'nice': 9, u'european': 11}"
546,Hassan Adams,2006,3.0,76.0,220,54,,2,1,"{u'good': 9, u'open': 5, u'mid': 6}"
547,Edin Bavcic,2006,4.0,83.0,245,56,,2,2,"{u'solid': 1, u'good': 3, u'nice': 3}"
548,Loukas Mavrokefalidis,2006,5.0,83.0,260,57,,2,2,"{u'athletic': 4, u'limited': 4, u'good': 8}"
549,Damir Markota,2006,4.0,82.0,225,59,,0,2,"{u'great': 9, u'good': 30, u'able': 8}"
550,Will Blalock,2006,1.0,73.0,195,60,40.0,1,1,"{u'big': 3, u'second': 3, u'good': 9}"
551,Andrew Bogut,2005,5.0,84.0,245,1,33.5,0,2,"{u'solid': 10, u'big': 13, u'good': 14}"
552,Marvin Williams,2005,4.0,81.0,230,2,35.0,0,0,"{u'quick': 8, u'great': 11, u'good': 16}"
553,Deron Williams,2005,1.0,75.0,210,3,35.0,1,1,"{u'great': 7, u'good': 9, u'best': 6}"
554,Chris Paul,2005,1.0,72.0,175,4,38.0,1,1,"{u'big': 7, u'great': 6, u'hard': 4}"
555,Raymond Felton,2005,1.0,73.0,200,5,33.5,1,1,"{u'great': 12, u'right': 4, u'open': 5}"
556,Martell Webster,2005,2.5,79.0,210,6,30.5,2,0,"{u'better': 5, u'great': 11, u'good': 11}"
557,Charlie Villanueva,2005,4.0,83.0,240,7,31.0,0,0,"{u'big': 4, u'great': 4, u'good': 11}"
558,Channing Frye,2005,5.0,6-11,248,8,31.0,0,2,"{u'big': 12, u'good': 5, u'nice': 5}"
559,Ike Diogu,2005,4.0,80.0,250,9,31.0,2,0,"{u'decent': 2, u'good': 2, u'defensive': 2}"
560,Andrew Bynum,2005,5.0,84.0,285,10,,2,1,"{u'big': 5, u'great': 5, u'young': 4}"
561,Yaroslav Korolev,2005,3.0,81.0,203,12,,2,2,"{u'great': 5, u'good': 16, u'old': 6}"
562,Sean May,2005,4.0,81.0,266,13,33.0,0,2,"{u'solid': 5, u'good': 11, u'low': 4}"
563,Rashad McCants,2005,2.0,76.0,207,14,34.5,2,0,"{u'great': 8, u'good': 12, u'little': 3}"
564,Antoine Wright,2005,2.5,79.0,210,15,29.5,2,1,"{u'big': 4, u'good': 13, u'nice': 8}"
565,Joey Graham,2005,3.0,79.0,225,16,36.0,0,0,"{u'good': 12, u'nice': 7, u'physical': 10}"
566,Danny Granger,2005,3.0,80.0,225,17,34.0,2,0,"{u'solid': 8, u'good': 18, u'excellent': 4}"
567,Gerald Green,2005,2.5,80.0,195,18,39.0,2,1,"{u'great': 2, u'good': 4, u'spectacular': 2}"
568,Hakim Warrick,2005,4.0,81.0,215,19,38.0,0,2,"{u'good': 5, u'tough': 2, u'effective': 3}"
569,Nate Robinson,2005,1.5,69.0,180,21,43.5,1,1,"{u'quick': 5, u'good': 8, u'effective': 6}"
570,Jarrett Jack,2005,1.0,75.0,205,22,28.5,2,1,"{u'good': 6, u'defensive': 5, u'excellent': 7}"
571,Francisco Garcia,2005,2.0,79.0,192,23,31.5,2,1,"{u'athletic': 7, u'good': 5, u'best': 7}"
572,Luther Head,2005,2.0,75.0,185,24,38.5,1,0,"{u'solid': 3, u'great': 3, u'good': 4}"
573,Johan Petro,2005,5.0,84.0,258,25,,0,2,"{u'big': 12, u'good': 18, u'physical': 12}"
574,Jason Maxiell,2005,4.0,79.0,260,26,,0,0,"{u'aggressive': 4, u'good': 10, u'tough': 4}"
575,Linas Kleiza,2005,3.5,80.0,250,27,,2,0,"{u'small': 5, u'big': 8, u'good': 20}"
576,Ian Mahinmi,2005,5.0,82.0,223,28,,0,0,"{u'good': 9, u'offensive': 6, u'nice': 8}"
577,Wayne Simien,2005,4.0,81.0,255,29,27.5,0,2,"{u'big': 4, u'low': 2, u'physical': 3}"
578,David Lee,2005,4.0,81.0,249,30,32.5,0,0,"{u'big': 5, u'great': 9, u'good': 5}"
579,Salim Stoudamire,2005,2.0,73.0,180,31,,1,1,"{u'able': 4, u'defensive': 5, u'best': 8}"
580,Daniel Ewing,2005,1.5,75.0,185,32,,2,1,"{u'solid': 6, u'past': 5, u'good': 12}"
581,Brandon Bass,2005,4.0,80.0,240,33,33.0,0,0,"{u'better': 5, u'big': 8, u'good': 10}"
582,C.J. Miles,2005,2.5,78.0,210,34,,2,0,"{u'decent': 4, u'natural': 4, u'nice': 12}"
583,Ricky Sanchez,2005,3.5,83.0,220,35,,2,2,"{u'heavy': 1, u'old': 2, u'nice': 2}"
584,Ersan Ilyasova,2005,4.0,81.0,235,36,30.0,0,2,"{u'big': 11, u'good': 10, u'european': 10}"
585,Ronny Turiaf,2005,4.5,82.0,250,37,33.0,2,2,"{u'offensive': 3, u'good': 5, u'tough': 3}"
586,Travis Diener,2005,1.0,73.0,180,38,31.0,1,1,"{u'great': 5, u'good': 4, u'physical': 4}"
587,Von Wafer,2005,2.0,77.0,250,39,,2,0,"{u'fantastic': 3, u'offensive': 3, u'nice': 4}"
588,Monta Ellis,2005,1.5,75.0,179,40,31.5,1,1,"{u'poor': 5, u'good': 12, u'excellent': 6}"
589,Chris Taft,2005,4.5,6-10,260,42,33.0,0,2,"{u'athletic': 3, u'decent': 3, u'offensive': 2}"
590,Mile Ilic,2005,5.0,85.0,235,43,,0,2,"{u'great': 8, u'good': 9, u'long': 4}"
591,Louis Williams,2005,1.5,74.0,175,45,,1,1,"{u'poor': 4, u'great': 5, u'strong': 5}"
592,Erazem Lorbek,2005,4.0,82.0,245,46,,2,2,"{u'athletic': 3, u'big': 5, u'good': 4}"
593,Bracey Wright,2005,2.0,75.0,210,47,36.0,2,1,"{u'good': 7, u'tough': 5, u'best': 4}"
594,Andray Blatche,2005,4.0,83.0,235,49,,2,0,"{u'right': 3, u'able': 3, u'nice': 4}"
595,Ryan Gomes,2005,3.5,79.0,250,50,30.5,0,0,"{u'great': 11, u'good': 5, u'offensive': 6}"
596,Robert Whaley,2005,4.0,81.0,230,51,33.5,2,2,"{u'intriguing': 1, u'good': 1, u'wise': 1}"
597,Axel Hervelle,2005,4.0,80.0,235,52,,0,2,"{u'good': 12, u'offensive': 14, u'nice': 8}"
598,Orien Greene,2005,1.0,76.0,210,53,,2,1,"{u'major': 6, u'good': 13, u'best': 7}"
599,Dijon Thompson,2005,3.0,79.0,200,54,,2,1,"{u'raw': 3, u'outside': 3, u'defensive': 3}"
600,Lawrence Roberts,2005,4.5,81.0,245,55,33.0,2,2,"{u'big': 3, u'good': 3, u'outstanding': 3}"
601,Amir Johnson,2005,4.0,81.0,210,56,,0,2,"{u'big': 4, u'good': 5, u'able': 4}"
602,Marcin Gortat,2005,5.0,84.0,245,57,36.0,0,2,"{u'good': 10, u'offensive': 7, u'low': 6}"
603,Uros Slokar,2005,4.5,82.0,238,58,,0,2,"{u'decent': 4, u'hard': 3, u'nice': 4}"
604,Cenk Akyol,2005,2.0,77.0,185,59,,2,2,"{u'good': 8, u'offensive': 5, u'nice': 6}"
605,Alex Acker,2005,1.5,77.0,190,60,32.0,2,1,"{u'better': 4, u'great': 4, u'good': 13}"
606,Dwight Howard,2004,5.0,83.0,245,1,35.5,2,1,"{u'better': 4, u'strong': 4, u'offensive': 4}"
607,Emeka Okafor,2004,5.0,82.0,255,2,34.0,2,0,"{u'major': 1, u'offensive': 6, u'left': 2}"
608,Ben Gordon,2004,2.0,75.0,200,3,37.5,1,0,"{u'great': 7, u'offensive': 3, u'defensive': 3}"
609,Shaun Livingston,2004,1.0,79.0,180,4,30.0,1,0,"{u'solid': 3, u'great': 2, u'good': 6}"
610,Devin Harris,2004,1.0,75.0,185,5,37.0,1,1,"{u'better': 3, u'major': 3, u'outstanding': 3}"
611,Josh Childress,2004,3.0,80.0,205,6,36.0,2,0,"{u'great': 8, u'good': 7, u'european': 7}"
612,Luol Deng,2004,3.0,80.0,220,7,31.5,2,0,"{u'good': 5, u'offensive': 5, u'best': 2}"
613,Andre Iguodala,2004,3.0,78.0,205,9,34.5,2,0,"{u'dynamic': 2, u'good': 5, u'tough': 2}"
614,Luke Jackson,2004,3.0,79.0,210,10,36.0,2,0,"{u'compact': 1, u'good': 2, u'open': 2}"
615,Andris Biedrins,2004,5.0,83.0,240,11,,0,0,"{u'great': 4, u'good': 3, u'offensive': 3}"
616,Robert Swift,2004,5.0,84.0,240,12,,0,0,"{u'good': 6, u'offensive': 3, u'nice': 3}"
617,Sebastian Telfair,2004,1.0,72.0,170,13,,1,0,"{u'good': 4, u'defensive': 4, u'physical': 3}"
618,Kris Humphries,2004,4.0,81.0,235,14,36.0,2,0,"{u'athletic': 2, u'decent': 3, u'consistent': 2}"
619,Al Jefferson,2004,5.0,82.0,265,15,30.0,0,0,"{u'tremendous': 3, u'poor': 3, u'productive': 3}"
620,Kirk Snyder,2004,2.5,78.0,225,16,35.0,2,0,"{u'decent': 3, u'great': 4, u'consistent': 3}"
621,Josh Smith,2004,4.0,81.0,220,17,39.5,2,1,"{u'offensive': 2, u'young': 2, u'best': 2}"
622,Dorell Wright,2004,3.0,79.0,210,19,,2,0,"{u'solid': 4, u'great': 4, u'average': 3}"
623,Jameer Nelson,2004,1.0,72.0,192,20,33.5,1,0,"{u'compact': 2, u'decent': 2, u'tough': 2}"
624,Viktor Khryapa,2004,3.5,81.0,215,22,,2,2,"{u'small': 2, u'prone': 2, u'european': 3}"
625,Delonte West,2004,2.0,76.0,185,24,35.0,1,0,"{u'solid': 4, u'good': 7, u'nice': 4}"
626,Tony Allen,2004,2.0,76.0,215,25,36.5,2,0,"{u'outstanding': 2, u'fair': 2, u'excellent': 3}"
627,Kevin Martin,2004,2.0,79.0,188,26,,2,0,"{u'great': 3, u'defensive': 5, u'superb': 3}"
628,Sasha Vujacic,2004,2.0,79.0,195,27,,2,0,"{u'solid': 4, u'good': 6, u'open': 3}"
629,Beno Udrih,2004,1.5,76.0,200,28,,1,1,"{u'great': 6, u'good': 9, u'talented': 4}"
630,David Harrison,2004,5.0,84.0,255,29,,2,0,"{u'decent': 2, u'good': 6, u'offensive': 2}"
631,Anderson Varejao,2004,4.0,82.0,235,31,,2,0,"{u'good': 2, u'offensive': 6, u'best': 3}"
632,Royal Ivey,2004,1.0,75.0,204,38,,2,0,"{u'decent': 2, u'good': 6, u'nice': 2}"
633,Chris Duhon,2004,1.0,73.0,190,39,35.0,1,1,"{u'great': 3, u'good': 3, u'defensive': 2}"
634,Justin Reed,2004,3.5,80.0,245,41,,2,2,"{u'upper': 2, u'intriguing': 1, u'good': 1}"
635,Trevor Ariza,2004,3.0,79.0,197,44,32.0,2,0,"{u'solid': 3, u'great': 3, u'good': 9}"
636,Vassilis Spanoulis,2004,2.0,76.0,190,51,,2,1,"{u'national': 2, u'defensive': 3, u'excellent': 4}"
637,Christian Drejer,2004,3.0,81.0,225,52,,2,2,"{u'danish': 1, u'little': 1, u'extended': 1}"
638,Romain Sato,2004,2.5,77.0,205,53,35.5,2,1,"{u'terrific': 2, u'perfect': 1, u'similar': 2}"
639,LeBron James,2003,3.0,80.0,240,1,,2,0,"{u'athletic': 1, u'developed': 1, u'defensive': 2}"
640,Darko Milicic,2003,5.0,84.0,245,2,32.5,2,2,"{u'good': 8, u'offensive': 3, u'young': 3}"
641,Carmelo Anthony,2003,3.0,80.0,220,3,33.5,2,0,"{u'great': 4, u'good': 4, u'able': 3}"
642,Chris Bosh,2003,4.0,82.0,210,4,33.0,0,0,"{u'great': 5, u'offensive': 2, u'effective': 3}"
643,Dwyane Wade,2003,2.0,76.0,210,5,35.0,2,0,"{u'solid': 3, u'hard': 2, u'best': 2}"
644,Chris Kaman,2003,5.0,84.0,255,6,30.5,2,0,"{u'great': 5, u'good': 5, u'defensive': 3}"
645,Kirk Hinrich,2003,2.0,75.0,190,7,33.5,1,1,"{u'good': 4, u'hard': 2, u'best': 2}"
646,Jarvis Hayes,2003,3.0,79.0,220,10,,2,0,"{u'quick': 2, u'good': 4, u'strong': 2}"
647,Mickael Pietrus,2003,2.5,78.0,200,11,,2,0,"{u'good': 3, u'defensive': 2, u'physical': 3}"
648,Nick Collison,2003,4.0,82.0,255,12,33.0,0,0,"{u'great': 3, u'good': 6, u'nice': 3}"
649,Marcus Banks,2003,1.0,74.0,220,13,,2,1,"{u'questionable': 1, u'great': 2, u'good': 1}"
650,Luke Ridnour,2003,1.0,74.0,175,14,32.5,1,0,"{u'better': 3, u'good': 5, u'nice': 4}"
651,David West,2003,4.0,81.0,240,18,31.5,2,0,"{u'explosive': 3, u'good': 7, u'offensive': 3}"
652,Dahntay Jones,2003,2.5,78.0,210,20,39.5,2,1,"{u'tremendous': 1, u'big': 1, u'tough': 1}"
653,Boris Diaw,2003,4.0,80.0,203,21,,2,0,"{u'great': 6, u'good': 8, u'offensive': 4}"
654,Zoran Planinic,2003,1.0,79.0,195,22,,2,2,"{u'better': 2, u'offensive': 2, u'european': 2}"
655,Travis Outlaw,2003,3.5,81.0,210,23,,2,0,"{u'great': 5, u'good': 4, u'hard': 3}"
656,Brian Cook,2003,4.0,82.0,240,24,29.0,2,0,"{u'athletic': 2, u'dimensional': 2, u'tough': 2}"
657,Kendrick Perkins,2003,5.0,82.0,280,27,,0,0,"{u'limited': 3, u'good': 3, u'offensive': 4}"
658,Josh Howard,2003,3.0,78.0,203,29,36.5,2,0,"{u'great': 4, u'good': 8, u'hard': 2}"
659,Jason Kapono,2003,3.0,80.0,213,32,30.0,2,0,"{u'major': 2, u'good': 3, u'hard': 2}"
660,Luke Walton,2003,4.0,80.0,245,33,,2,0,"{u'great': 4, u'right': 4, u'average': 4}"
661,Sofoklis Schortsanitis,2003,5.0,81.0,300,35,,2,2,"{u'big': 3, u'offensive': 2, u'immense': 2}"
662,Travis Hansen,2003,2.5,78.0,210,38,35.0,2,2,"{u'offensive': 3, u'best': 3, u'nice': 3}"
663,Steve Blake,2003,1.0,75.0,172,39,,1,0,"{u'great': 3, u'good': 8, u'capable': 2}"
664,Willie Green,2003,2.0,76.0,200,42,38.5,2,0,"{u'solid': 4, u'long': 3, u'nice': 3}"
665,Keith Bogans,2003,2.0,77.0,215,44,35.0,2,0,"{u'solid': 3, u'good': 4, u'effective': 3}"
666,Matt Bonner,2003,4.0,82.0,235,46,32.0,2,0,"{u'decent': 3, u'good': 5, u'offensive': 3}"
667,Maurice Williams,2003,1.0,73.0,185,48,,1,0,"{u'great': 3, u'good': 5, u'average': 3}"
668,James Lang,2003,5.0,6-10,305,49,32.0,2,2,"{u'efficient': 1, u'short': 2, u'able': 1}"
669,James Jones,2003,3.5,80.0,215,50,33.0,2,0,"{u'average': 4, u'best': 3, u'excellent': 3}"
670,Kyle Korver,2003,3.0,79.0,210,52,31.5,2,0,"{u'good': 3, u'open': 3, u'best': 4}"
671,Yao Ming,2002,5.0,89.0,296,1,,2,0,"{u'great': 6, u'good': 4, u'best': 2}"
672,Mike Dunleavy,2002,3.0,81.0,221,3,29.0,2,0,"{u'great': 7, u'good': 5, u'physical': 2}"
673,Drew Gooden,2002,4.0,82.0,230,4,33.0,0,0,"{u'better': 2, u'good': 3, u'offensive': 3}"
674,Nikoloz Tskitishvili,2002,4.0,84.0,225,5,,2,2,"{u'offensive': 2, u'able': 2, u'fair': 1}"
675,Chris Wilcox,2002,5.0,82.0,221,8,34.5,0,0,"{u'athletic': 2, u'great': 3, u'effective': 3}"
676,Amare Stoudemire,2002,4.5,82.0,245,9,35.5,2,0,"{u'tremendous': 3, u'good': 5, u'explosive': 3}"
677,Caron Butler,2002,3.0,79.0,235,10,31.0,2,0,"{u'small': 3, u'dribble': 3, u'effective': 3}"
678,Jared Jeffries,2002,3.5,82.0,215,11,30.0,2,0,"{u'solid': 3, u'good': 5, u'defensive': 3}"
679,Melvin Ely,2002,5.0,82.0,260,12,29.0,2,0,"{u'better': 2, u'great': 4, u'good': 5}"
680,Marcus Haislip,2002,4.0,82.0,230,13,36.5,0,2,"{u'big': 7, u'great': 7, u'defensive': 6}"
681,Fred Jones,2002,2.0,76.0,210,14,37.5,2,0,"{u'quick': 4, u'great': 4, u'good': 4}"
682,Bostjan Nachbar,2002,3.5,81.0,221,15,,2,0,"{u'good': 12, u'able': 3, u'excellent': 3}"
683,Kareem Rush,2002,2.0,78.0,215,20,30.0,2,0,"{u'good': 2, u'old': 1, u'defensive': 2}"
684,Qyntel Woods,2002,3.0,80.0,221,21,34.5,2,0,"{u'ready': 2, u'huge': 1, u'impressive': 1}"
685,Casey Jacobsen,2002,2.5,78.0,215,22,,2,0,"{u'past': 2, u'bad': 3, u'smart': 3}"
686,Tayshaun Prince,2002,3.0,81.0,215,23,,2,0,"{u'tough': 4, u'versatile': 3, u'defensive': 3}"
687,Nenad Krstic,2002,5.0,83.0,214,24,,0,0,"{u'good': 8, u'effective': 3, u'nice': 3}"
688,Frank Williams,2002,1.0,75.0,205,25,31.0,1,1,"{u'efficient': 1, u'bad': 1, u'hard': 1}"
689,John Salmons,2002,3.0,79.0,210,26,34.5,2,0,"{u'solid': 3, u'consistent': 2, u'good': 8}"
690,Dan Dickau,2002,1.0,72.0,190,28,,1,0,"{u'decent': 3, u'good': 5, u'defensive': 2}"
691,Dan Gadzuric,2002,5.0,83.0,240,35,,2,0,"{u'little': 2, u'good': 5, u'offensive': 3}"
692,Carlos Boozer,2002,4.5,81.0,280,36,28.5,0,0,"{u'efficient': 3, u'great': 6, u'offensive': 3}"
693,Milos Vujanic,2002,1.5,74.0,183,37,,1,2,"{u'healthy': 1, u'offensive': 1, u'foul': 1}"
694,David Andersen,2002,5.0,83.0,237,38,,0,2,"{u'terrific': 4, u'big': 7, u'excellent': 3}"
695,Mario Kasun,2002,5.0,85.0,255,42,,2,2,"{u'real': 1, u'great': 1, u'excellent': 2}"
696,Ronald Murray,2002,2.0,76.0,190,43,36.5,2,0,"{u'great': 2, u'good': 6, u'offensive': 3}"
697,Matt Barnes,2002,3.0,80.0,225,47,40.5,2,0,"{u'aggressive': 3, u'tough': 2, u'nice': 3}"
698,Darius Songaila,2002,4.0,82.0,250,51,29.5,2,0,"{u'solid': 2, u'good': 4, u'strong': 2}"
699,Federico Kammerichs,2002,3.0,82.0,226,52,,2,2,"{u'gifted': 1, u'good': 1, u'old': 1}"
700,Rasual Butler,2002,3.0,79.0,205,54,37.5,2,0,"{u'open': 2, u'good': 6, u'tough': 2}"
701,Luis Scola,2002,4.0,80.0,229,57,,0,2,"{u'offensive': 7, u'mid': 4, u'best': 7}"
702,Kwame Brown,2001,5.0,83.0,243,1,33.0,2,0,"{u'decent': 3, u'great': 2, u'good': 2}"
703,Tyson Chandler,2001,5.0,85.0,235,2,33.5,2,0,"{u'good': 3, u'offensive': 4, u'best': 3}"
704,Pau Gasol,2001,5.0,84.0,227,3,,0,2,"{u'solid': 6, u'good': 5, u'excellent': 7}"
705,Eddy Curry,2001,5.0,83.0,285,4,31.0,0,0,"{u'good': 4, u'right': 4, u'able': 3}"
706,Jason Richardson,2001,2.5,78.0,220,5,39.5,2,0,"{u'great': 4, u'good': 3, u'open': 2}"
707,Shane Battier,2001,3.0,80.0,220,6,33.0,2,0,"{u'great': 4, u'good': 7, u'little': 2}"
708,Joe Johnson,2001,3.0,79.0,225,10,36.5,2,0,"{u'decent': 2, u'good': 2, u'best': 2}"
709,Kedrick Brown,2001,3.0,79.0,222,11,,2,1,"{u'poor': 1, u'absent': 1, u'nice': 3}"
710,Vladimir Radmanovic,2001,4.0,81.0,206,12,,2,0,"{u'great': 2, u'good': 4, u'open': 2}"
711,Richard Jefferson,2001,3.0,79.0,222,13,38.5,2,0,"{u'consistent': 2, u'good': 14, u'defensive': 4}"
712,Troy Murphy,2001,4.0,83.0,245,14,34.5,0,0,"{u'great': 3, u'good': 8, u'explosive': 2}"
713,Steven Hunter,2001,5.0,84.0,220,15,38.5,2,0,"{u'decent': 3, u'great': 3, u'low': 2}"
714,Michael Bradley,2001,3.0,82.0,225,17,30.0,2,2,"{u'poor': 1, u'limited': 1, u'intriguing': 1}"
715,Jason Collins,2001,5.0,84.0,260,18,28.5,2,2,"{u'limited': 2, u'mediocre': 2, u'offensive': 3}"
716,Brendan Haywood,2001,5.0,84.0,268,20,28.5,2,0,"{u'solid': 1, u'reliable': 2, u'great': 1}"
717,Gerald Wallace,2001,3.0,79.0,215,25,,2,0,"{u'little': 2, u'good': 2, u'offensive': 3}"
718,Samuel Dalembert,2001,5.0,83.0,250,26,,2,0,"{u'athletic': 2, u'limited': 2, u'offensive': 5}"
719,Jamaal Tinsley,2001,1.0,75.0,195,27,37.5,1,0,"{u'decent': 3, u'great': 3, u'good': 5}"
720,Tony Parker,2001,1.0,74.0,177,28,,1,1,"{u'consistent': 2, u'good': 3, u'fascinating': 2}"
721,Trenton Hassell,2001,3.0,77.0,200,31,37.5,2,0,"{u'decent': 3, u'offensive': 3, u'defensive': 4}"
722,Gilbert Arenas,2001,1.5,75.0,191,32,36.0,2,0,"{u'quirky': 2, u'fantastic': 2, u'difficult': 3}"
723,Will Solomon,2001,1.0,73.0,185,34,35.0,2,1,"{u'bad': 3, u'good': 4, u'young': 2}"
724,Terence Morris,2001,4.0,81.0,221,35,,2,2,"{u'big': 2, u'great': 1, u'long': 3}"
725,Brian Scalabrine,2001,4.0,81.0,240,36,30.5,2,0,"{u'big': 2, u'open': 3, u'effective': 2}"
726,Jeff Trepagnier,2001,1.0,76.0,200,37,,2,2,"{u'real': 1, u'big': 1, u'old': 1}"
727,Damone Brown,2001,3.0,80.0,220,38,37.0,2,2,"{u'offensive': 1, u'different': 1, u'overall': 1}"
728,Mehmet Okur,2001,5.0,83.0,249,39,,2,0,"{u'great': 5, u'good': 6, u'explosive': 4}"
729,Earl Watson,2001,1.0,73.0,195,41,37.5,1,0,"{u'decent': 2, u'good': 5, u'mid': 2}"
730,Bobby Simmons,2001,3.0,79.0,210,43,34.0,2,0,"{u'solid': 4, u'great': 2, u'good': 4}"
731,Antonis Fotsis,2001,3.0,82.0,219,49,30.0,2,2,"{u'solid': 1, u'intriguing': 1, u'lacking': 1}"
732,Jarron Collins,2001,5.0,83.0,255,54,29.0,2,0,"{u'poor': 3, u'decent': 4, u'good': 4}"
733,Kenyon Martin,2000,4.0,81.0,230,1,,2,0,"{u'great': 6, u'good': 4, u'capable': 3}"
734,Mike Miller,2000,3.0,81.0,218,5,,2,0,"{u'better': 3, u'great': 3, u'superb': 2}"
735,DerMarr Johnson,2000,3.0,81.0,201,6,,2,1,"{u'questionable': 3, u'skilled': 2, u'nice': 3}"
736,Chris Mihm,2000,5.0,84.0,265,7,,0,0,"{u'average': 4, u'good': 4, u'nice': 4}"
737,Jamal Crawford,2000,2.0,77.0,175,8,,2,0,"{u'great': 8, u'good': 8, u'nice': 3}"
738,Joel Przybilla,2000,5.0,85.0,255,9,,2,0,"{u'good': 5, u'offensive': 4, u'defensive': 3}"
739,Keyon Dooling,2000,1.5,75.0,196,10,,1,0,"{u'great': 4, u'good': 3, u'physical': 2}"
740,Etan Thomas,2000,5.0,81.0,256,12,,2,0,"{u'undersized': 2, u'good': 2, u'strong': 2}"
741,Mateen Cleaves,2000,1.0,75.0,210,14,,1,1,"{u'huge': 1, u'great': 2, u'dominant': 1}"
742,Desmond Mason,2000,3.0,77.0,222,17,,2,0,"{u'great': 3, u'good': 3, u'offensive': 2}"
743,Quentin Richardson,2000,3.0,78.0,236,18,,2,0,"{u'great': 6, u'good': 7, u'open': 2}"
744,Jamaal Magloire,2000,5.0,83.0,259,19,,2,2,"{u'real': 3, u'huge': 2, u'recent': 2}"
745,Speedy Claxton,2000,1.0,71.0,166,20,42.5,1,0,"{u'able': 3, u'good': 2, u'offensive': 6}"
746,Morris Peterson,2000,3.0,79.0,215,21,,2,0,"{u'decent': 4, u'consistent': 3, u'good': 5}"
747,DeShawn Stevenson,2000,2.0,77.0,210,23,,2,0,"{u'quick': 3, u'great': 4, u'best': 2}"
748,Dalibor Bagaric,2000,5.0,85.0,255,24,,0,2,"{u'big': 5, u'great': 5, u'good': 5}"
749,Primoz Brezec,2000,5.0,85.0,243,27,29.5,2,0,"{u'athletic': 2, u'offensive': 3, u'defensive': 2}"
750,Mark Madsen,2000,4.0,81.0,236,29,33.5,2,0,"{u'good': 3, u'hard': 3, u'offensive': 4}"
751,Jake Voskuhl,2000,5.0,83.0,245,34,,2,0,"{u'active': 2, u'decent': 4, u'good': 3}"
752,Eddie House,2000,2.0,72.0,176,38,38.5,1,1,"{u'solid': 2, u'undersized': 2, u'dribble': 2}"
753,Eduardo Najera,2000,4.0,80.0,240,39,35.0,2,0,"{u'big': 3, u'great': 6, u'good': 3}"
754,Olumide Oyedeji,2000,5.0,82.0,240,43,,2,2,"{u'terrific': 3, u'big': 2, u'physical': 2}"
755,Michael Redd,2000,2.0,78.0,214,44,31.0,2,0,"{u'quick': 3, u'great': 4, u'best': 3}"
756,Brian Cardinal,2000,3.0,80.0,245,45,,2,0,"{u'bad': 3, u'dismal': 2, u'capable': 2}"
757,Kaniel Dickens,2000,3.0,80.0,234,51,,2,0,"{u'terrific': 3, u'phenomenal': 2, u'great': 3}"
758,Igor Rakocevic,2000,2.0,75.0,183,52,34.0,2,1,"{u'good': 9, u'offensive': 6, u'excellent': 7}"
759,Scoonie Penn,2000,1.0,70.0,185,58,,1,2,"{u'lateral': 2, u'good': 4, u'impressive': 4}"
760,Pete Mickeal,2000,3.5,77.0,229,59,34.5,2,2,"{u'small': 2, u'american': 2, u'european': 2}"
